current	next	wind	temp	tianqi	紫外线指数	旅游指数	穿衣指数	晾晒指数	舒适度指数	晨练指数
20170101	20170102	西南风 2级	"['7℃', '1℃']"	霾	很弱	不适宜	较冷	不适宜	较冷	不宜
20170102	20170103	东南风 1级	"['8℃', '1℃']"	霾	很弱	适宜	较冷	较适宜	较冷	适宜
20170103	20170104	东北风 1级	"['8℃', '0℃']"	霾	很弱	适宜	较冷	较不宜	较冷	较适宜
20170104	20170105	东北风 1级	"['9℃', '3℃']"	霾	很弱	适宜	冷	不适宜	较舒适	较不宜
20170105	20170106	东北风 2级	"['6℃', '4℃']"	小雨	很弱	适宜	冷	不适宜	较舒适	较不宜
20170106	20170107	西风 1级	"['5℃', '2℃']"	小雨	很弱	适宜	冷	较适宜	较舒适	较不宜
20170107	20170108	南风 1级	"['6℃', '-1℃']"	阴	很弱	适宜	冷	较适宜	较舒适	适宜
20170108	20170109	西北风 1级	"['6℃', '-1℃']"	多云	很弱	适宜	冷	较适宜	较舒适	适宜
20170109	20170110	西北风 2级	"['5℃', '0℃']"	阴	很弱	适宜	冷	较不宜	较舒适	较适宜
20170110	20170111	西风 3级	"['4℃', '0℃']"	阴	很弱	适宜	冷	较适宜	较舒适	适宜
20170111	20170112	西南风 2级	"['7℃', '-2℃']"	多云	中等	适宜	较冷	较适宜	较冷	适宜
20170112	20170113	西南风 2级	"['8℃', '-2℃']"	晴	中等	适宜	较冷	较适宜	较冷	适宜
20170113	20170114	北风 1级	"['8℃', '-2℃']"	晴	很弱	适宜	较冷	较适宜	较冷	适宜
20170114	20170115	北风 2级	"['7℃', '-1℃']"	多云	很弱	适宜	冷	较适宜	较舒适	适宜
20170115	20170116	南风 1级	"['5℃', '-1℃']"	霾	很弱	不适宜	冷	不适宜	较舒适	不宜
20170116	20170117	东北风 2级	"['4℃', '-2℃']"	霾	很弱	不适宜	冷	不适宜	较舒适	不宜
20170117	20170118	东北风 2级	"['5℃', '-1℃']"	霾	很弱	不适宜	冷	不适宜	较舒适	不宜
20170118	20170119	西北风 1级	"['5℃', '-3℃']"	阴	弱	适宜	冷	较适宜	较舒适	适宜
20170119	20170120	东风 2级	"['4℃', '-5℃']"	晴	很弱	较适宜	冷	较适宜	较舒适	适宜
20170120	20170121	西风 2级	"['3℃', '-3℃']"	多云	中等	较适宜	较冷	较适宜	较冷	适宜
20170121	20170122	东北风 2级	"['7℃', '-1℃']"	晴	中等	适宜	较冷	较适宜	较冷	适宜
20170122	20170123	东风 2级	"['8℃', '-1℃']"	晴	中等	适宜	较冷	较适宜	较冷	适宜
20170123	20170124	西北风 1级	"['8℃', '-2℃']"	多云	很弱	适宜	冷	较不宜	较舒适	较适宜
20170124	20170125	西北风 1级	"['8℃', '-1℃']"	阴	很弱	适宜	较冷	较适宜	较冷	适宜
20170125	20170126	西风 1级	"['9℃', '1℃']"	多云	很弱	适宜	冷	较适宜	较舒适	适宜
20170126	20170127	南风 1级	"['7℃', '-2℃']"	多云	很弱	适宜	冷	较适宜	较舒适	适宜
20170127	20170128	东风 3级	"['7℃', '0℃']"	多云	很弱	适宜	冷	较不宜	较舒适	较适宜
20170128	20170129	西南风 2级	"['6℃', '0℃']"	阴	很弱	适宜	冷	较适宜	较舒适	适宜
20170129	20170130	东风 2级	"['4℃', '-3℃']"	多云	很弱	较适宜	冷	较不宜	较舒适	较适宜
20170130	20170131	东北风 2级	"['4℃', '-2℃']"	多云	很弱	较适宜	冷	较适宜	较舒适	适宜
20170131	20170201	东南风 2级	"['3℃', '-1℃']"	阴	很弱	较适宜	冷	较不宜	较舒适	较适宜
20170201	20170202	东北风 3级	"['6℃', '-1℃']"	多云	很弱	较适宜	冷	较适宜	较舒适	较适宜
20170202	20170203	东风 2级	"['6℃', '0℃']"	阴	很弱	较适宜	较冷	较适宜	较冷	较适宜
20170203	20170204	西北风 1级	"['8℃', '-1℃']"	多云	中等	较适宜	较冷	较适宜	较冷	适宜
20170204	20170205	东北风 2级	"['9℃', '0℃']"	晴	很弱	适宜	较冷	较适宜	较冷	适宜
20170205	20170206	西南风 2级	"['11℃', '1℃']"	晴	很弱	适宜	冷	较不宜	较舒适	较适宜
20170206	20170207	东风 4级	"['6℃', '2℃']"	阴	很弱	较适宜	冷	不适宜	较舒适	较不宜
20170207	20170208	北风 1级	"['3℃', '0℃']"	雨夹雪	很弱	适宜	较冷	较适宜	较冷	较不宜
20170208	20170209	南风 2级	"['5℃', '-3℃']"	阴	中等	适宜	较冷	较适宜	较冷	较适宜
20170209	20170210	东风 1级	"['5℃', '-3℃']"	晴	很弱	适宜	较冷	较适宜	较冷	较不宜
20170210	20170211	西风 1级	"['7℃', '-2℃']"	多云	中等	适宜	较冷	较适宜	较冷	适宜
20170211	20170212	东北风 2级	"['9℃', '-1℃']"	晴	中等	适宜	较冷	较适宜	较冷	适宜
20170212	20170213	东风 1级	"['12℃', '0℃']"	晴	很弱	适宜	较冷	较适宜	较冷	适宜
20170213	20170214	西南风 2级	"['12℃', '2℃']"	多云	很弱	适宜	较冷	较不宜	较冷	较适宜
20170214	20170215	东风 2级	"['13℃', '3℃']"	阴	很弱	适宜	较冷	较适宜	较冷	适宜
20170215	20170216	东南风 1级	"['15℃', '3℃']"	多云	弱	适宜	较冷	适宜	较冷	适宜
20170216	20170217	南风 1级	"['15℃', '2℃']"	晴	很弱	适宜	较冷	较适宜	较冷	适宜
20170217	20170218	东北风 2级	"['14℃', '2℃']"	晴	中等	适宜	较冷	适宜	较冷	适宜
20170218	20170219	东北风 1级	"['17℃', '4℃']"	晴	中等	适宜	较冷	较适宜	较冷	适宜
20170219	20170220	东北风 1级	"['18℃', '4℃']"	晴	很弱	适宜	较冷	不适宜	较冷	较不宜
20170220	20170221	东风 4级	"['11℃', '0℃']"	阴	很弱	适宜	冷	不适宜	较舒适	较不宜
20170221	20170222	西北风 1级	"['2℃', '-1℃']"	中雪	很弱	适宜	冷	较适宜	较舒适	较适宜
20170222	20170223	东风 1级	"['7℃', '-1℃']"	阴	很弱	适宜	较冷	较适宜	较冷	适宜
20170223	20170224	东风 2级	"['8℃', '0℃']"	多云	很弱	适宜	较冷	较适宜	较冷	适宜
20170224	20170225	北风 1级	"['11℃', '0℃']"	晴	中等	适宜	较冷	较适宜	较冷	适宜
20170225	20170226	东北风 2级	"['11℃', '1℃']"	多云	中等	适宜	较冷	较适宜	较冷	适宜
20170226	20170227	东北风 2级	"['14℃', '1℃']"	晴	中等	适宜	较冷	较适宜	较冷	适宜
20170227	20170228	东风 1级	"['13℃', '2℃']"	多云	很弱	适宜	较冷	较适宜	较冷	适宜
20170228	20170301	东风 2级	"['13℃', '1℃']"	阴	中等	适宜	较冷	较适宜	较冷	适宜
20170301	20170302	西北风 3级	"['12℃', '0℃']"	晴	很弱	适宜	较冷	较适宜	较冷	较不宜
20170302	20170303	东北风 3级	"['14℃', '2℃']"	多云	很弱	适宜	较冷	较适宜	较冷	较不宜
20170303	20170304	西南风 1级	"['16℃', '3℃']"	多云	弱	适宜	较冷	适宜	较冷	适宜
20170304	20170305	东北风 3级	"['16℃', '4℃']"	多云					较舒适	
20170305	20170306	南风 1级	"['14℃', '3℃']"	阴	很弱	适宜	较冷	较适宜	较冷	适宜
20170306	20170307	西风 2级	"['13℃', '2℃']"	多云	很弱		较冷	较不宜	较冷	较适宜
20170307	20170308	西风 2级	"['13℃', '2℃']"	多云	很弱	适宜	较冷	较适宜	较冷	适宜
20170308	20170309	东风 2级	"['13℃', '2℃']"	晴	很弱	适宜	较冷	较适宜	较冷	适宜
20170309	20170310	东南风 1级	"['14℃', '4℃']"	多云	很弱	适宜	较冷	较不宜	较冷	较适宜
20170310	20170311	东北风 1级	"['14℃', '5℃']"	阴	很弱	适宜	较冷	较不宜	较冷	较适宜
20170311	20170312	西南风 2级	"['14℃', '7℃']"	阴	很弱	不建议	冷	不适宜	较舒适	不宜
20170312	20170313	东北风 3级	"['8℃', '3℃']"	中雨	很弱	不建议	冷	不适宜	较舒适	不宜
20170313	20170314	北风 1级	"['3℃', '1℃']"	小到中雨	很弱	适宜	较冷	较不宜	较冷	较适宜
20170314	20170315	东南风 2级	"['10℃', '3℃']"	阴	很弱	适宜	较冷	较不宜	较冷	较适宜
20170315	20170316	北风 1级	"['8℃', '3℃']"	阴	弱	适宜	较冷	较适宜	较冷	适宜
20170316	20170317	南风 1级	"['12℃', '3℃']"	多云	很弱	适宜	较冷	较适宜	较冷	适宜
20170317	20170318	北风 1级	"['12℃', '4℃']"	阴	很弱	适宜	较冷	较不宜	较冷	较适宜
20170318	20170319	北风 1级	"['13℃', '7℃']"	阴	很弱	适宜	较冷	不适宜	较冷	较不宜
20170319	20170320	西北风 1级	"['11℃', '4℃']"	小雨	弱	适宜	较冷	适宜	较冷	适宜
20170320	20170321	西北风 1级	"['18℃', '6℃']"	多云	很弱	适宜	较冷	较不宜	较冷	较适宜
20170321	20170322	西南风 1级	"['16℃', '7℃']"	阴	很弱	适宜	较冷	较不宜	较冷	较适宜
20170322	20170323	西南风 1级	"['16℃', '5℃']"	多云	很弱	适宜	炎热	适宜	较不舒适	适宜
20170323	20170324	南风 2级	"['12℃', '5℃']"	阵雨	弱	适宜	较冷	适宜	较冷	适宜
20170324	20170325	东北风 1级	"['16℃', '3℃']"	多云	很弱	适宜	较冷	较不宜	较冷	较适宜
20170325	20170326	北风 1级	"['16℃', '2℃']"	多云	弱	适宜	较冷	适宜	较冷	适宜
20170326	20170327	东南风 1级	"['19℃', '5℃']"	晴	中等	适宜	较冷	适宜	较冷	适宜
20170327	20170328	西风 1级	"['20℃', '7℃']"	晴	中等	适宜	较舒适	适宜	较舒适	适宜
20170328	20170329	西北风 1级	"['21℃', '7℃']"	多云	弱	适宜	较舒适	适宜	较舒适	适宜
20170329	20170330	南风 2级	"['18℃', '9℃']"	阴	很弱	适宜	较冷	较不宜	较冷	较适宜
20170330	20170331	南风 2级	"['14℃', '7℃']"	多云	很弱	适宜	较冷	较适宜	较冷	适宜
20170331	20170401	西南风 2级	"['20℃', '5℃']"	多云	弱	适宜	较冷	适宜	较冷	适宜
20170401	20170402	西风 2级	"['20℃', '7℃']"	晴	中等	适宜	较舒适	适宜	较舒适	适宜
20170402	20170403	北风 1级	"['20℃', '10℃']"	晴	很弱	适宜	较舒适	较不宜	较舒适	较适宜
20170403	20170404	东南风 2级	"['17℃', '10℃']"	小雨	很弱	适宜	较冷	不适宜	较冷	较不宜
20170404	20170405	东南风 2级	"['21℃', '10℃']"	阴	很弱	适宜	较舒适	较不宜	较舒适	较适宜
20170405	20170406	西北风 2级	"['22℃', '11℃']"	多云	弱	适宜	较舒适	适宜	较舒适	适宜
20170406	20170407	南风 1级	"['23℃', '12℃']"	多云	弱	适宜	较舒适	适宜	较舒适	适宜
20170407	20170408	东南风 1级	"['22℃', '13℃']"	阴	很弱	适宜	较舒适	适宜	较舒适	适宜
20170408	20170409	北风 1级	"['18℃', '12℃']"	小雨	很弱	适宜	较冷	不适宜	较冷	较不宜
20170409	20170410	北风 4级	"['13℃', '7℃']"	小雨	很弱	适宜	较冷	不适宜	较冷	不宜
20170410	20170411	东南风 2级	"['14℃', '7℃']"	小雨	很弱	适宜	较冷	不适宜	较冷	较不宜
20170411	20170412	西南风 3级	"['21℃', '9℃']"	阴	弱	适宜	较舒适	适宜	较舒适	适宜
20170412	20170413	西风 2级	"['23℃', '9℃']"	多云	弱	适宜	较舒适	适宜	较舒适	适宜
20170413	20170414	东南风 1级	"['26℃', '12℃']"	多云	中等	适宜	较舒适	适宜	较舒适	适宜
20170414	20170415	东北风 1级	"['27℃', '11℃']"	晴	强	适宜	舒适	适宜	舒适	适宜
20170415	20170416	西北风 3级	"['24℃', '12℃']"	小雨	很弱	适宜	较舒适	不适宜	较舒适	较不宜
20170416	20170417	南风 2级	"['19℃', '10℃']"	小雨	很弱	适宜	较冷	不适宜	较冷	较不宜
20170417	20170418	南风 3级	"['28℃', '13℃']"	晴	强	适宜	热	适宜	很不舒适	适宜
20170418	20170419	东南风 2级	"['29℃', '14℃']"	晴	强	适宜	热	适宜	很不舒适	适宜
20170419	20170420	南风 4级	"['19℃', '8℃']"	阴	很弱	适宜	较舒适	较不宜	较舒适	较适宜
20170420	20170421	南风 2级	"['22℃', '10℃']"	多云	很弱	适宜	较舒适	较不宜	较舒适	较适宜
20170421	20170422	南风 2级	"['21℃', '8℃']"	晴	中等	适宜	较舒适	适宜	较舒适	适宜
20170422	20170423	西风 2级	"['25℃', '8℃']"	晴	强	适宜	较舒适	适宜	较舒适	适宜
20170423	20170424	东风 1级	"['28℃', '13℃']"	多云	中等	适宜	舒适	适宜	舒适	适宜
20170424	20170425	东南风 2级	"['30℃', '16℃']"	多云	弱	适宜	热	适宜	很不舒适	适宜
20170425	20170426	西北风 2级	"['22℃', '11℃']"	小雨	很弱	适宜	较舒适	不适宜	较舒适	较不宜
20170426	20170427	西北风 2级	"['22℃', '12℃']"	阴	很弱	适宜	较舒适	较不宜	较舒适	较适宜
20170427	20170428	西北风 2级	"['23℃', '10℃']"	多云	弱	适宜	较舒适	适宜	较舒适	适宜
20170428	20170429	西北风 2级	"['28℃', '12℃']"	晴	强	适宜	热	适宜	很不舒适	适宜
20170429	20170430	西北风 2级	"['29℃', '15℃']"	晴	中等	适宜	热	适宜	很不舒适	适宜
20170430	20170501	西北风 2级	"['30℃', '17℃']"	多云	中等	适宜	热	适宜	很不舒适	适宜
20170501	20170502	西北风 2级	"['30℃', '17℃']"	多云	中等	适宜	热	适宜	很不舒适	适宜
20170502	20170503	西北风 2级	"['27℃', '15℃']"	小雨	很弱	适宜	舒适	不适宜	舒适	不宜
20170503	20170504	西北风 2级	"['16℃', '10℃']"	中雨	很弱	适宜	较冷	不适宜	较冷	不宜
20170504	20170505	西北风 2级	"['24℃', '13℃']"	多云	很弱	适宜	舒适	适宜	舒适	适宜
20170505	20170506	西北风 2级	"['20℃', '12℃']"	阴	中等	适宜	较舒适	适宜	较舒适	适宜
20170506	20170507	西北风 2级	"['23℃', '12℃']"	多云	弱	适宜	舒适	适宜	舒适	适宜
20170507	20170508	西北风 2级	"['22℃', '12℃']"	阴	很弱	适宜	较舒适	较不宜	较舒适	较适宜
20170508	20170509	南风 1级	"['28℃', '13℃']"	晴	强	适宜	热	适宜	很不舒适	适宜
20170509	20170510	西风 1级	"['29℃', '14℃']"	多云	中等	适宜	热	适宜	很不舒适	适宜
20170510	20170511	南风 3级	"['28℃', '17℃']"	阴	弱	适宜	热	较不宜	很不舒适	较适宜
20170511	20170512	南风 2级	"['31℃', '14℃']"	晴	很强	较适宜	热	适宜	很不舒适	适宜
20170512	20170513	东风 2级	"['33℃', '18℃']"	晴	很强	较适宜	炎热	适宜	较不舒适	适宜
20170513	20170514	东北风 1级	"['33℃', '19℃']"	多云	中等	适宜	炎热	适宜	较不舒适	适宜
20170514	20170515	东北风 2级	"['24℃', '14℃']"	阵雨	很弱	适宜	舒适	较不宜	舒适	较不宜
20170515	20170516	南风 2级	"['24℃', '14℃']"	阵雨	很弱	适宜	舒适	不适宜	舒适	较不宜
20170516	20170517	东风 1级	"['30℃', '15℃']"	晴	很强	较适宜	热	适宜	很不舒适	适宜
20170517	20170518	南风 1级	"['33℃', '19℃']"	晴	强	较适宜	炎热	适宜	较不舒适	适宜
20170518	20170519	西北风 2级	"['29℃', '18℃']"	阵雨	弱	适宜	热	较不宜	很不舒适	较适宜
20170519	20170520	北风 2级	"['31℃', '18℃']"	多云	中等	适宜	热	适宜	很不舒适	适宜
20170520	20170521	西南风 1级	"['31℃', '20℃']"	阴	弱	适宜	热	较不宜	很不舒适	较适宜
20170521	20170522	西北风 2级	"['30℃', '20℃']"	阴	弱	适宜	热	较不宜	很不舒适	较适宜
20170522	20170523	南风 2级	"['24℃', '15℃']"	小到中雨	很弱	适宜	较舒适	不适宜	较舒适	不宜
20170523	20170524	东南风 2级	"['27℃', '14℃']"	晴	强	适宜	舒适	适宜	舒适	适宜
20170524	20170525	北风 2级	"['28℃', '16℃']"	多云	弱	适宜	热	适宜	很不舒适	适宜
20170525	20170526	东南风 1级	"['30℃', '16℃']"	晴	很强	适宜	热	适宜	很不舒适	适宜
20170526	20170527	北风 3级	"['32℃', '18℃']"	晴	很强	适宜	炎热	适宜	较不舒适	适宜
20170527	20170528	东南风 1级	"['35℃', '19℃']"	晴	很强	不建议	炎热	适宜	较不舒适	适宜
20170528	20170529	南风 1级	"['36℃', '21℃']"	晴	弱	不建议	炎热	适宜	较不舒适	适宜
20170529	20170530	西北风 2级	"['29℃', '19℃']"	阵雨	弱	不建议	热	较不宜	很不舒适	较不宜
20170530	20170531	东北风 2级	"['33℃', '20℃']"	晴	强	不建议	炎热	适宜	较不舒适	适宜
20170531	20170601	南风 2级	"['34℃', '22℃']"	多云	中等	不建议	炎热	适宜	较不舒适	适宜
20170601	20170602	东北风 1级	"['35℃', '22℃']"	多云	中等	不建议	炎热	适宜	较不舒适	适宜
20170602	20170603	西北风 2级	"['35℃', '22℃']"	晴	强	不建议	炎热	适宜	较不舒适	适宜
20170603	20170604	东风 3级	"['28℃', '20℃']"	阴	弱		热	较不宜	很不舒适	较适宜
20170604	20170605	东北风 3级	"['17℃', '14℃']"	大雨	很弱		较冷	不适宜	较冷	不宜
20170605	20170606	东南风 2级	"['19℃', '14℃']"	小雨	很弱		较舒适	不适宜	较舒适	较不宜
20170606	20170607	东南风 1级	"['30℃', '18℃']"	多云	中等		热	适宜	很不舒适	适宜
20170607	20170608	东北风 2级	"['31℃', '19℃']"	多云	中等	不宜	热	适宜	很不舒适	较适宜
20170608	20170609	南风 微风	"['26℃', '18℃']"	阴	很弱	不宜	舒适	较不宜	舒适	较适宜
20170609	20170610	西南风 2级	"['26℃', '17℃']"	小雨	很弱	不适宜	舒适	不适宜	舒适	较不宜
20170610	20170611	东北风 1级	"['31℃', '19℃']"	多云	中等	较适宜	热	适宜	很不舒适	适宜
20170611	20170612	北风 2级	"['31℃', '20℃']"	多云	弱	较适宜	热	适宜	很不舒适	适宜
20170612	20170613	东南风 2级	"['31℃', '20℃']"	多云	中等	适宜	热	适宜	很不舒适	适宜
20170613	20170614	南风 2级	"['32℃', '20℃']"	多云	弱	适宜	热	适宜	很不舒适	适宜
20170614	20170615	南风 3级	"['30℃', '21℃']"	阴	弱	适宜	热	较不宜	很不舒适	较适宜
20170615	20170616	南风 2级	"['30℃', '19℃']"	多云	中等	较适宜	热	适宜	很不舒适	适宜
20170616	20170617	东南风 2级	"['33℃', '21℃']"	多云	中等	较适宜	炎热	适宜	较不舒适	适宜
20170617	20170618	东南风 微风	"['33℃', '22℃']"	多云	弱	较适宜	炎热	适宜	较不舒适	适宜
20170618	20170619	东南风 2级	"['33℃', '22℃']"	多云	中等	不建议	炎热	适宜	较不舒适	适宜
20170619	20170620	西北风 2级	"['33℃', '23℃']"	多云	强	适宜	炎热	适宜	较不舒适	适宜
20170620	20170621	东南风 2级	"['32℃', '21℃']"	阴	弱	较适宜	炎热	不适宜	较不舒适	较不宜
20170621	20170622	东风 2级	"['30℃', '21℃']"	阵雨	弱	较适宜	热	不适宜	很不舒适	较不宜
20170622	20170623	西北风 3级	"['35℃', '23℃']"	多云	中等	适宜	炎热	适宜	较不舒适	适宜
20170623	20170624	西北风 2级	"['35℃', '22℃']"	多云	弱	不建议	炎热	适宜	较不舒适	适宜
20170624	20170625	南风 3级	"['33℃', '20℃']"	晴	中等	较适宜	炎热	适宜	较不舒适	适宜
20170625	20170626	东北风 1级	"['35℃', '23℃']"	多云	中等	不建议	炎热	适宜	较不舒适	适宜
20170626	20170627	东南风 2级	"['35℃', '23℃']"	晴	中等	不建议	炎热	适宜	较不舒适	适宜
20170627	20170628	西北风 2级	"['37℃', '23℃']"	晴	很强	不建议	炎热	适宜	较不舒适	适宜
20170628	20170629	东风 1级	"['37℃', '25℃']"	晴	强	较适宜	炎热	适宜	较不舒适	较适宜
20170629	20170630	南风 1级	"['35℃', '23℃']"	阵雨	中等	较适宜	炎热	较不宜	较不舒适	较不宜
20170630	20170701	东南风 1级	"['32℃', '20℃']"	多云	中等	不建议	炎热	较不宜	较不舒适	较不宜
20170701	20170702	北风 微风	"['36℃', '24℃']"	多云	中等	不适宜	炎热	适宜	较不舒适	适宜
20170702	20170703	南风 1级	"['37℃', '24℃']"	晴	很强	不适宜	炎热	适宜	较不舒适	较适宜
20170703	20170704	东风 1级	"['37℃', '25℃']"	多云	中等	不适宜	炎热	适宜	较不舒适	适宜
20170704	20170705	东风 1级	"['37℃', '25℃']"	多云	中等	适宜	炎热	适宜	较不舒适	较适宜
20170705	20170706	西北风 1级	"['29℃', '22℃']"	小雨	弱	适宜	热	不适宜	很不舒适	较不宜
20170706	20170707	南风 2级	"['26℃', '20℃']"	小雨	中等	不建议	较冷	适宜	较冷	适宜
20170707	20170708	南风 2级	"['35℃', '21℃']"	晴	中等	不适宜	较冷	适宜	较冷	适宜
20170708	20170709	南风 2级	"['37℃', '23℃']"	多云	中等	不适宜	较冷	适宜	较冷	适宜
20170709	20170710	南风 2级	"['37℃', '25℃']"	晴	中等	不适宜	较舒适	适宜	较舒适	适宜
20170710	20170711	东南风 1级	"['38℃', '26℃']"	多云	强	不适宜	较舒适	适宜	较舒适	适宜
20170711	20170712	北风 微风	"['40℃', '25℃']"	多云	强	不适宜	较舒适	适宜	较舒适	适宜
20170712	20170713	西南风 2级	"['40℃', '25℃']"	晴	强	不适宜	较舒适	适宜	较舒适	较适宜
20170713	20170714	东北风 1级	"['39℃', '25℃']"	多云	强	不适宜	较舒适	适宜	较舒适	较不宜
20170714	20170715	东风 2级	"['38℃', '25℃']"	多云	强	不适宜	较舒适	适宜	较舒适	较不宜
20170715	20170716	西南风 1级	"['36℃', '26℃']"	小雨	强	较适宜	较舒适	适宜	较舒适	较不宜
20170716	20170717	东南风 1级	"['33℃', '24℃']"	阵雨	强	不适宜	较舒适	适宜	较舒适	较适宜
20170717	20170718	东南风 1级	"['36℃', '26℃']"	多云	强	不适宜	舒适	适宜	舒适	较不宜
20170718	20170719	东北风 1级	"['35℃', '24℃']"	小雨	强	不适宜	较舒适	适宜	较舒适	较适宜
20170719	20170720	西南风 1级	"['40℃', '26℃']"	晴	强	不适宜	舒适	适宜	舒适	较适宜
20170720	20170721	东南风 2级	"['40℃', '27℃']"	阴	强	不适宜	舒适	适宜	舒适	较适宜
20170721	20170722	北风 微风	"['41℃', '27℃']"	多云	中等	不适宜	舒适	适宜	舒适	较不宜
20170722	20170723	北风 4级	"['40℃', '28℃']"	小雨	弱	不适宜	炎热	不适宜	较不舒适	较适宜
20170723	20170724	东风 1级	"['39℃', '27℃']"	多云	强	不适宜	舒适	适宜	舒适	较适宜
20170724	20170725	南风 1级	"['40℃', '27℃']"	晴	强	不适宜	舒适	适宜	舒适	较适宜
20170725	20170726	东南风 2级	"['40℃', '29℃']"	多云	强	不适宜	舒适	适宜	舒适	较适宜
20170726	20170727	东北风 1级	"['40℃', '26℃']"	多云	强	不适宜	舒适	适宜	舒适	较适宜
20170727	20170728	东风 2级	"['40℃', '26℃']"	多云	强	不适宜	较舒适	适宜	较舒适	较适宜
20170728	20170729	东北风 1级	"['31℃', '23℃']"	小雨	中等	不适宜	较舒适	适宜	较舒适	较适宜
20170729	20170730	西风 1级	"['25℃', '20℃']"	小雨	中等	适宜	较冷	适宜	较冷	
20170730	20170731	南风 1级	"['31℃', '20℃']"	多云	中等	适宜	较冷	适宜	较冷	
20170731	20170801	南风 1级	"['33℃', '22℃']"	多云	中等	较适宜	炎热	适宜	较不舒适	较适宜
20170801	20170802	东风 微风	"['33℃', '22℃']"	多云	中等	不适宜	炎热	适宜	较不舒适	适宜
20170802	20170803	南风 2级	"['35℃', '23℃']"	多云	很强	不适宜	炎热	适宜	较不舒适	较适宜
20170803	20170804	西风 1级	"['39℃', '26℃']"	多云	中等	不适宜	炎热	适宜	较不舒适	较适宜
20170804	20170805	南风 1级	"['38℃', '25℃']"	晴	很强	不适宜	炎热	适宜	较不舒适	较适宜
20170805	20170806	西南风 1级	"['39℃', '26℃']"	晴	弱	不适宜	炎热	较不宜	较不舒适	较适宜
20170806	20170807	南风 2级	"['35℃', '24℃']"	小雨	很弱	不适宜	舒适	不适宜	舒适	不宜
20170807	20170808	西北风 1级	"['25℃', '20℃']"	大雨	弱	不建议	炎热	适宜	较不舒适	较适宜
20170808	20170809	南风 2级	"['33℃', '19℃']"	晴	很强	较适宜	炎热	适宜	较不舒适	较适宜
20170809	20170810	东北风 1级	"['36℃', '20℃']"	晴	很强	不建议	炎热	适宜	较不舒适	适宜
20170810	20170811	东南风 1级	"['36℃', '24℃']"	多云	弱	不建议	炎热	较不宜	较不舒适	较适宜
20170811	20170812	西南风 1级	"['34℃', '23℃']"	阴	弱	较适宜	炎热	不适宜	较不舒适	较不宜
20170812	20170813	南风 微风	"['34℃', '23℃']"	小雨	中等	较适宜	炎热	较不宜	较不舒适	较不宜
20170813	20170814	西北风 1级	"['34℃', '24℃']"	阵雨	中等	较适宜	炎热	适宜	较不舒适	适宜
20170814	20170815	西南风 微风	"['32℃', '21℃']"	多云	中等	较适宜	炎热	适宜	较不舒适	较适宜
20170815	20170816	东风 3级	"['36℃', '22℃']"	多云	中等	不建议	炎热	适宜	较不舒适	较适宜
20170816	20170817	东南风 1级	"['36℃', '23℃']"	晴	中等	不建议	炎热	适宜	较不舒适	较适宜
20170817	20170818	东南风 3级	"['36℃', '24℃']"	阴	弱	较适宜	炎热	不适宜	较不舒适	较不宜
20170818	20170819	东风 2级	"['33℃', '24℃']"	多云	弱	较适宜	炎热	不适宜	较不舒适	较不宜
20170819	20170820	东北风 2级	"['30℃', '22℃']"	阵雨	弱	不建议	热	不适宜	很不舒适	不宜
20170820	20170821	南风 2级	"['30℃', '23℃']"	阵雨	中等	适宜	热	适宜	很不舒适	较适宜
20170821	20170822	西北风 1级	"['30℃', '23℃']"	阵雨	弱	适宜	炎热	不适宜	较不舒适	较不宜
20170822	20170823	东北风 2级	"['31℃', '22℃']"	中雨	弱	适宜	热	适宜	很不舒适	较适宜
20170823	20170824	东南风 1级	"['28℃', '18℃']"	多云	很强	适宜	炎热	适宜	较不舒适	适宜
20170824	20170825	东南风 1级	"['31℃', '19℃']"	晴	很弱	适宜	舒适	不适宜	舒适	较不宜
20170825	20170826	西北风 2级	"['28℃', '20℃']"	阵雨	弱	适宜	热	适宜	很不舒适	较不宜
20170826	20170827	西北风 2级	"['27℃', '22℃']"	阵雨	弱	适宜	热	适宜	很不舒适	较适宜
20170827	20170828	南风 1级	"['30℃', '21℃']"	多云	中等	适宜	热	适宜	很不舒适	较适宜
20170828	20170829	西北风 微风	"['25℃', '18℃']"	阴	很弱	不建议	较舒适	不适宜	较舒适	不宜
20170829	20170830	西南风 2级	"['20℃', '16℃']"	中雨	很弱	适宜	较冷	不适宜	较冷	不宜
20170830	20170831	北风 1级	"['18℃', '15℃']"	中雨	弱	不建议	较舒适	适宜	较舒适	较适宜
20170831	20170901	北风 微风	"['24℃', '16℃']"	多云	很弱	不建议	较舒适	不适宜	较舒适	不宜
20170901	20170902	西北风 1级	"['24℃', '18℃']"	小雨	很弱	适宜	较舒适	不适宜	较舒适	较不宜
20170902	20170903	西南风 微风	"['25℃', '19℃']"	阴	很弱	不建议	较舒适	不适宜	较舒适	不宜
20170903	20170904	西南风 1级	"['21℃', '17℃']"	中雨	很弱	适宜	较舒适	不适宜	较舒适	较不宜
20170904	20170905	西南风 1级	"['21℃', '17℃']"	小雨	很弱	不建议	较舒适	不适宜	较舒适	不宜
20170905	20170906	南风 1级	"['20℃', '16℃']"	中雨	很弱	适宜	较舒适	不适宜	较舒适	不宜
20170906	20170907	东北风 微风	"['27℃', '13℃']"	晴	中等	适宜	热	适宜	很不舒适	适宜
20170907	20170908	北风 1级	"['29℃', '18℃']"	晴	很弱	适宜	舒适	不适宜	舒适	较不宜
20170908	20170909	西北风 1级	"['26℃', '18℃']"	小雨	很弱	不建议	较舒适	不适宜	较舒适	不宜
20170909	20170910	西南风 1级	"['22℃', '17℃']"	中雨	弱	适宜	舒适	适宜	舒适	较适宜
20170910	20170911	南风 1级	"['27℃', '15℃']"	多云	强	适宜	热	适宜	很不舒适	适宜
20170911	20170912	东南风 1级	"['28℃', '15℃']"	晴	强	适宜	热	适宜	很不舒适	较适宜
20170912	20170913	东北风 1级	"['29℃', '17℃']"	晴	强	适宜	热	适宜	很不舒适	较适宜
20170913	20170914	南风 1级	"['29℃', '17℃']"	晴	弱	适宜	热	适宜	很不舒适	适宜
20170914	20170915	东风 2级	"['26℃', '17℃']"	多云	弱	适宜	舒适	较不宜	舒适	较不宜
20170915	20170916	西南风 1级	"['26℃', '17℃']"	多云	很弱	适宜	较舒适	较不宜	较舒适	较适宜
20170916	20170917	北风 1级	"['24℃', '18℃']"	小雨	很弱	适宜	舒适	不适宜	舒适	较不宜
20170917	20170918	北风 1级	"['28℃', '16℃']"	多云	弱	适宜	热	适宜	很不舒适	适宜
20170918	20170919	南风 1级	"['29℃', '18℃']"	多云	很弱	适宜	舒适	不适宜	舒适	较不宜
20170919	20170920	西南风 微风	"['28℃', '15℃']"	小雨	弱	适宜	热	适宜	很不舒适	适宜
20170920	20170921	东风 2级	"['30℃', '15℃']"	晴	中等	适宜	热	适宜	很不舒适	适宜
20170921	20170922	东风 微风	"['30℃', '17℃']"	多云	中等	适宜	热	适宜	很不舒适	适宜
20170922	20170923	北风 1级	"['27℃', '18℃']"	阴	弱	适宜	热	适宜	很不舒适	较适宜
20170923	20170924	东北风 微风	"['27℃', '18℃']"	多云	很弱	适宜	舒适	不适宜	舒适	不宜
20170924	20170925	南风 1级	"['25℃', '19℃']"	小雨	很弱	适宜	较舒适	不适宜	较舒适	不宜
20170925	20170926	东南风 1级	"['21℃', '18℃']"	小雨	很弱	适宜	较舒适	不适宜	较舒适	不宜
20170926	20170927	南风 2级	"['20℃', '16℃']"	中雨	很弱	适宜	较舒适	不适宜	较舒适	不宜
20170927	20170928	南风 1级	"['19℃', '13℃']"	中雨	弱	适宜	舒适	适宜	舒适	较适宜
20170928	20170929	西南风 1级	"['25℃', '16℃']"	多云	很弱	适宜	舒适	较不宜	舒适	较适宜
20170929	20170930	东北风 微风	"['23℃', '15℃']"	阴	很弱	适宜	舒适	不适宜	舒适	较不宜
20170930	20171001	西风 1级	"['22℃', '15℃']"	小雨	很弱	适宜	较舒适	不适宜	较舒适	较不宜
20171001	20171002	南风 1级	"['22℃', '14℃']"	小雨	弱	适宜	较舒适	较不宜	较舒适	较不宜
20171002	20171003	西风 1级	"['21℃', '15℃']"	阴	很弱	适宜	较冷	不适宜	较冷	不宜
20171003	20171004	东北风 2级	"['15℃', '12℃']"	大雨	很弱	适宜	较冷	不适宜	较冷	不宜
20171004	20171005	北风 2级	"['13℃', '10℃']"	小雨	很弱	适宜	较舒适	适宜	较舒适	适宜
20171005	20171006	西南风 1级	"['18℃', '10℃']"	多云	弱	适宜	较舒适	适宜	较舒适	适宜
20171006	20171007	西北风 1级	"['20℃', '13℃']"	多云	弱	适宜	较舒适	适宜	较舒适	适宜
20171007	20171008	西北风 1级	"['21℃', '15℃']"	多云	很弱	适宜	较舒适	不适宜	较舒适	较不宜
20171008	20171009	北风 1级	"['21℃', '13℃']"	小雨	很弱	适宜	较冷	不适宜	较冷	较不宜
20171009	20171010	北风 2级	"['15℃', '10℃']"	小雨	很弱	适宜	较冷	不适宜	较冷	不宜
20171010	20171011	南风 2级	"['12℃', '7℃']"	中雨	很弱	适宜	较冷	不适宜	较冷	不宜
20171011	20171012	东南风 1级	"['9℃', '7℃']"	大雨	很弱	适宜	较冷	适宜	较冷	适宜
20171012	20171013	西南风 1级	"['18℃', '8℃']"	多云	很弱	适宜	较冷	较不宜	较冷	较适宜
20171013	20171014	西南风 微风	"['15℃', '10℃']"	小雨	很弱	适宜	较冷	较不宜	较冷	较适宜
20171014	20171015	北风 1级	"['14℃', '11℃']"	阴	很弱	适宜	较冷	不适宜	较冷	较不宜
20171015	20171016	北风 1级	"['13℃', '10℃']"	小雨	很弱	适宜	较冷	不适宜	较冷	较不宜
20171016	20171017	南风 1级	"['13℃', '11℃']"	小雨	很弱	适宜	较冷	不适宜	较冷	较不宜
20171017	20171018	西风 1级	"['17℃', '11℃']"	小雨	很弱	适宜	较舒适	适宜	较舒适	适宜
20171018	20171019	东北风 微风	"['17℃', '9℃']"	阴	中等	适宜	较舒适	适宜	较舒适	适宜
20171019	20171020	东南风 1级	"['20℃', '9℃']"	晴	中等	适宜	较舒适	适宜	较舒适	适宜
20171020	20171021	北风 1级	"['20℃', '11℃']"	多云	很弱	适宜	较舒适	较不宜	较舒适	较适宜
20171021	20171022	东南风 1级	"['19℃', '13℃']"	阴	很弱	适宜	较舒适	较不宜	较舒适	较适宜
20171022	20171023	西北风 1级	"['20℃', '11℃']"	阴	很弱	适宜	较舒适	较不宜	较舒适	较适宜
20171023	20171024	东风 微风	"['20℃', '12℃']"	多云	弱	适宜	较舒适	适宜	较舒适	较适宜
20171024	20171025	东北风 1级	"['19℃', '13℃']"	多云	很弱	适宜	较冷	不适宜	较冷	较不宜
20171025	20171026	东南风 1级	"['16℃', '10℃']"	阴	中等	适宜	较舒适	适宜	较舒适	适宜
20171026	20171027	西南偏西风 2级	"['9℃', '0℃']"	晴	中等		较舒适		较舒适	中
20171027	20171028	东北风 2级	"['9℃', '0℃']"	少云	弱		较舒适		较舒适	中
20171028	20171029	东北偏北风 2级	"['12℃', '0℃']"	阴天	弱		较冷		较冷	中
20171029	20171030	东北偏北风 2级	"['8℃', '0℃']"	局部多云	最弱		较冷		较冷	较差
20171030	20171031	北风 微风	"['13℃', '9℃']"	阴	很弱	适宜	较冷	较不宜	较冷	较适宜
20171031	20171101	西北风 微风	"['14℃', '9℃']"	小雨	中等	适宜	较舒适	适宜	较舒适	适宜
20171101	20171102	东北风 1级	"['19℃', '8℃']"	晴	中等	适宜	较舒适	适宜	较舒适	适宜
20171102	20171103	东风 微风	"['22℃', '6℃']"	晴	中等	适宜	较舒适	适宜	较舒适	适宜
20171103	20171104	西南风 1级	"['21℃', '7℃']"	晴	中等	适宜	较舒适	适宜	较舒适	较不宜
20171104	20171105	西北风 微风	"['14℃', '7℃']"	晴	中等	适宜	较舒适	适宜	较舒适	较不宜
20171105	20171106	西北风 1级	"['19℃', '8℃']"	晴	中等	适宜	较舒适	适宜	较舒适	较不宜
20171106	20171107	北风 微风	"['19℃', '9℃']"	晴	中等	适宜	较舒适	适宜	较舒适	适宜
20171107	20171108	东南风 微风	"['20℃', '6℃']"	晴	中等	适宜	较舒适	适宜	较舒适	适宜
20171108	20171109	南风 微风	"['20℃', '9℃']"	晴	很弱	适宜	较冷	较不宜	较冷	较不宜
20171109	20171110	南风 2级	"['16℃', '8℃']"	阴	很弱	适宜	较冷	较适宜	较冷	较适宜
20171110	20171111	西南风 微风	"['13℃', '6℃']"	多云	很弱	适宜	较冷	较适宜	较冷	适宜
20171111	20171112	东风 1级	"['11℃', '4℃']"	多云	很弱	适宜	较冷	较适宜	较冷	适宜
20171112	20171113	北风 微风	"['12℃', '3℃']"	小雨	中等	适宜	较冷	较适宜	较冷	适宜
20171113	20171114	北风 微风	"['15℃', '2℃']"	晴	很弱	适宜	较冷	较适宜	较冷	适宜
20171114	20171115	南风 微风	"['12℃', '3℃']"	多云	弱	适宜	较冷	较适宜	较冷	适宜
20171115	20171116	北风 1级	"['12℃', '3℃']"	多云	很弱	适宜	较冷	较适宜	较冷	适宜
20171116	20171117	北风 微风	"['12℃', '4℃']"	多云	很弱	适宜	较冷	较适宜	较冷	适宜
20171117	20171118	北风 1级	"['13℃', '1℃']"	阴	很弱	适宜	较冷	较不宜	较冷	较不宜
20171118	20171119	东南风 2级	"['8℃', '1℃']"	阴	很弱	适宜	冷	不适宜	较舒适	较不宜
20171119	20171120	西南风 2级	"['7℃', '-1℃']"	小雨	很弱	适宜	较冷	不适宜	较冷	较不宜
20171120	20171121	北风 1级	"['10℃', '0℃']"	阴	很弱	适宜	较冷	较不宜	较冷	较适宜
20171121	20171122	东风 1级	"['11℃', '0℃']"	多云	很弱	适宜	较冷	较适宜	较冷	适宜
20171122	20171123	东北风 微风	"['10℃', '0℃']"	阴	很弱	适宜	较冷	较不宜	较冷	较适宜
20171123	20171124	东北风 微风	"['12℃', '0℃']"	多云	中等	适宜	较冷	较适宜	较冷	较适宜
20171124	20171125	西北风 微风	"['12℃', '-1℃']"	晴	中等	适宜	较冷	较适宜	较冷	较适宜
20171125	20171126	东风 微风	"['14℃', '0℃']"	晴	中等	适宜	较冷	较适宜	较冷	适宜
20171126	20171127	北风 1级	"['14℃', '0℃']"	晴	很弱	适宜	较冷	较适宜	较冷	适宜
20171127	20171128	南风 1级	"['8℃', '0℃']"	多云	很弱	适宜	较冷	较适宜	较冷	适宜
20171128	20171129	西北风 1级	"['12℃', '0℃']"	多云	很弱	适宜	冷	不适宜	较舒适	较不宜
20171129	20171130	北风 1级	"['7℃', '-1℃']"	小雨	很弱	适宜	较冷	不适宜	较冷	较不宜
20171130	20171201	北风 1级	"['9℃', '-2℃']"	多云	很弱	适宜	较冷	较适宜	较冷	较适宜
20171201	20171202	东南风 1级	"['8℃', '-2℃']"	晴	中等	适宜	较冷	较适宜	较冷	适宜
20171202	20171203	西风 微风	"['10℃', '-1℃']"	多云	中等	适宜	较冷	较适宜	较冷	适宜
20171203	20171204	东北风 微风	"['12℃', '0℃']"	晴	很弱	适宜	较冷	较适宜	较冷	适宜
20171204	20171205	西北风 1级	"['9℃', '-2℃']"	多云	中等	适宜	较冷	较适宜	较冷	适宜
20171205	20171206	东南风 微风	"['8℃', '-4℃']"	晴	很弱	适宜	较冷	较适宜	较冷	适宜
20171206	20171207	西北风 1级	"['8℃', '-3℃']"	多云	很弱	适宜	较冷	较适宜	较冷	适宜
20171207	20171208	西北风 1级	"['8℃', '-2℃']"	多云	很弱	适宜	冷	较适宜	较舒适	适宜
20171208	20171209	东北风 2级	"['5℃', '-3℃']"	多云	弱	适宜	较冷	较适宜	较冷	适宜
20171209	20171210	北风 1级	"['8℃', '-3℃']"	晴	中等	适宜	较冷	较适宜	较冷	适宜
20171210	20171211	西北风 1级	"['9℃', '-3℃']"	晴	很弱	适宜	较冷	较适宜	较冷	适宜
20171211	20171212	西北风 1级	"['7℃', '-2℃']"	多云	很弱	适宜	较冷	较适宜	较冷	较不宜
20171212	20171213	西北风 1级	"['6℃', '0℃']"	多云	很弱	适宜	冷	较适宜	较舒适	较不宜
20171213	20171214	东南风 1级	"['4℃', '0℃']"	阴	很弱	适宜	冷	较适宜	较舒适	适宜
20171214	20171215	东南风 2级	"['3℃', '-2℃']"	多云	弱	适宜	较冷	较适宜	较冷	适宜
20171215	20171216	东南风 微风	"['7℃', '-4℃']"	晴	中等	适宜	冷	较适宜	较舒适	适宜
20171216	20171217	南风 1级	"['5℃', '-3℃']"	晴	很弱	适宜	冷	较适宜	较舒适	适宜
20171217	20171218	北风 1级	"['6℃', '-4℃']"	多云	弱	适宜	较冷	较适宜	较冷	适宜
20171218	20171219	东南风 微风	"['8℃', '-3℃']"	晴	中等	适宜	较冷	较适宜	较冷	适宜
20171219	20171220	东风 1级	"['10℃', '-4℃']"	晴	中等	适宜	较冷	较适宜	较冷	适宜
20171220	20171221	南风 1级	"['11℃', '-2℃']"	晴	中等	适宜	较冷	较适宜	较冷	适宜
20171221	20171222	西南风 微风	"['10℃', '-4℃']"	晴	弱	适宜	较冷	较适宜	较冷	适宜
20171222	20171223	西北风 微风	"['11℃', '-2℃']"	多云	很弱	适宜	较冷	较适宜	较冷	适宜
20171223	20171224	北风 1级	"['10℃', '-2℃']"	多云	中等	适宜	较冷	较适宜	较冷	适宜
20171224	20171225	北风 1级	"['11℃', '-3℃']"	晴	很弱	适宜	冷	较适宜	较舒适	适宜
20171225	20171226	西北风 1级	"['6℃', '0℃']"	阴	很弱	适宜	较冷	较适宜	较冷	适宜
20171226	20171227	西南风 1级	"['11℃', '-2℃']"	多云	很弱	适宜	较冷	较适宜	较冷	适宜
20171227	20171228	南风 微风	"['10℃', '-3℃']"	多云	中等	适宜	较冷	较适宜	较冷	适宜
20171228	20171229	西北风 1级	"['9℃', '0℃']"	晴	很弱	适宜	较冷	较适宜	较冷	较不宜
20171229	20171230	北风 1级	"['9℃', '-2℃']"	阴	很弱	适宜	较冷	较适宜	较冷	适宜
20171230	20171231	南风 微风	"['10℃', '0℃']"	多云	很弱	适宜	较冷	较适宜	较冷	适宜
20171231	20180101	南风 微风	"['8℃', '-3℃']"	晴	很弱	适宜	较冷	较适宜	较冷	适宜
20180101	20180102	东北风 1级	"['9℃', '-1℃']"	多云	很弱	适宜	冷	不适宜	较舒适	较不宜
20180102	20180103	东南风 1级	"['3℃', '-1℃']"	小雨	很弱	适宜	冷	不适宜	较舒适	不宜
20180103	20180104	西北风 1级	"['2℃', '-2℃']"	大雪	很弱	适宜	寒冷	不适宜	寒冷	较不宜
20180104	20180105	东风 1级	"['-2℃', '-6℃']"	小雪	很弱	适宜	寒冷	较适宜	寒冷	较适宜
20180105	20180106	东北风 1级	"['-3℃', '-4℃']"	多云	很弱	适宜	寒冷	不适宜	寒冷	不宜
20180106	20180107	西南风 微风	"['-1℃', '-4℃']"	中雪	很弱	适宜	寒冷	较不宜	寒冷	较不宜
20180107	20180108	东风 1级	"['1℃', '-5℃']"	阴	很弱	适宜	寒冷	较适宜	寒冷	较适宜
20180108	20180109	北风 微风	"['-1℃', '-6℃']"	晴	弱	适宜	冷	较适宜	较舒适	较不宜
20180109	20180110	西北风 微风	"['3℃', '-7℃']"	晴	弱	适宜	冷	较适宜	较舒适	较不宜
20180110	20180111	西北风 1级	"['6℃', '-6℃']"	晴	中等	适宜	冷	较适宜	较舒适	较不宜
20180111	20180112	东风 微风	"['6℃', '-7℃']"	晴	很弱	适宜	寒冷	较适宜	寒冷	较适宜
20180112	20180113	西北风 1级	"['5℃', '-5℃']"	多云	很弱	适宜	冷	较不宜	较舒适	较适宜
20180113	20180114	西北风 1级	"['5℃', '-5℃']"	阴	中等	适宜	冷	较适宜	较舒适	适宜
20180114	20180115	东北风 1级	"['6℃', '-4℃']"	晴	很弱	适宜	冷	较不宜	较舒适	较适宜
20180115	20180116	北风 微风	"['5℃', '-3℃']"	多云	弱	适宜	较冷	较适宜	较冷	较不宜
20180116	20180117	北风 微风	"['8℃', '-2℃']"	晴	很弱	适宜	冷	较适宜	较舒适	适宜
20180117	20180118	北风 微风	"['5℃', '-3℃']"	多云	很弱	适宜	冷	较不宜	较舒适	较适宜
20180118	20180119	西南风 1级	"['4℃', '-3℃']"	阴	很弱	适宜	较冷	较适宜	较冷	适宜
20180119	20180120	西北风 微风	"['7℃', '-3℃']"	多云	很弱	适宜	较冷	较不宜	较冷	较适宜
20180120	20180121	西风 微风	"['8℃', '-2℃']"	阴	很弱	适宜	较冷	较适宜	较冷	适宜
20180121	20180122	北风 1级	"['10℃', '-2℃']"	多云	弱	适宜	较冷	较适宜	较冷	适宜
20180122	20180123	西北风 微风	"['8℃', '-1℃']"	晴	很弱	适宜	冷	较适宜	较舒适	较不宜
20180123	20180124	西北风 1级	"['3℃', '-3℃']"	多云	很弱	适宜	冷	不适宜	较舒适	不宜
20180124	20180125	西南风 1级	"['1℃', '-3℃']"	中雪	很弱	适宜	冷	不适宜	较舒适	较不宜
20180125	20180126	西北风 1级	"['-3℃', '-8℃']"	小雪	很弱	适宜	寒冷	不适宜	寒冷	较不宜
20180126	20180127	西南风 1级	"['-3℃', '-7℃']"	多云	很弱	适宜	寒冷	不适宜	寒冷	较不宜
20180127	20180128	北风 1级	"['-3℃', '-7℃']"	小雪	很弱	适宜	寒冷	较不宜	寒冷	较不宜
20180128	20180129	南风 2级	"['1℃', '-8℃']"	阴	很弱	适宜	寒冷	较适宜	寒冷	较不宜
20180129	20180130	南风 1级	"['-1℃', '-9℃']"	多云	很弱	适宜	冷	较不宜	较舒适	较适宜
20180130	20180131	东风 1级	"['0℃', '-6℃']"	多云	很弱	适宜	冷	较适宜	较舒适	较不宜
20180131	20180201	西北风 1级	"['3℃', '-5℃']"	晴	很弱	适宜	冷	较适宜	较舒适	适宜
20180201	20180202	南风 1级	"['4℃', '-5℃']"	多云	弱	适宜	冷	较适宜	较舒适	较不宜
20180202	20180203	东南风 1级	"['2℃', '-5℃']"	多云	弱	适宜	冷	较适宜	较舒适	较不宜
20180203	20180204	北风 1级	"['2℃', '-7℃']"	晴	弱	适宜	冷	较适宜	较舒适	不宜
20180204	20180205	北风 1级	"['4℃', '-6℃']"	晴	弱	适宜	冷	较适宜	较舒适	较适宜
20180205	20180206	西北风 微风	"['6℃', '-6℃']"	晴	中等	适宜	冷	较适宜	较舒适	较适宜
20180206	20180207	西北风 1级	"['8℃', '-4℃']"	晴	很弱	适宜	冷	较不宜	较舒适	较不宜
20180207	20180208	西南风 1级	"['6℃', '-5℃']"	阴	很弱	适宜	冷	较不宜	较舒适	较适宜
20180208	20180209	东南风 1级	"['6℃', '-4℃']"	阴	很弱	适宜	冷	较不宜	较舒适	较适宜
20180209	20180210	东北风 微风	"['5℃', '-3℃']"	阴	很弱	适宜	冷	较适宜	较舒适	较不宜
20180210	20180211	南风 1级	"['6℃', '-3℃']"	晴	中等	适宜	较冷	较适宜	较冷	适宜
20180211	20180212	东北风 1级	"['7℃', '-5℃']"	晴	中等	适宜	较冷	较适宜	较冷	适宜
20180212	20180213	南风 1级	"['8℃', '-3℃']"	晴	中等	适宜	较冷	较适宜	较冷	适宜
20180213	20180214	东南风 微风	"['9℃', '-2℃']"	多云	很弱	适宜	较冷	较不宜	较冷	较适宜
20180214	20180215	西南风 1级	"['8℃', '0℃']"	多云	很弱	适宜	较冷	较适宜	较冷	适宜
20180215	20180216	北风 1级	"['9℃', '-1℃']"	多云	中等	适宜	较冷	较适宜	较冷	较不宜
20180216	20180217	西北风 1级	"['11℃', '1℃']"	多云	很弱	适宜	冷	不适宜	较舒适	较不宜
20180217	20180218	东南风 1级	"['5℃', '1℃']"	小雨	很弱	适宜	较冷	较不宜	较冷	较适宜
20180218	20180219	西北风 1级	"['9℃', '1℃']"	阴	很弱	适宜	较冷	较不宜	较冷	较适宜
20180219	20180220	北风 1级	"['12℃', '1℃']"	多云	很弱	适宜	较冷	不适宜	较冷	较不宜
20180220	20180221	西北风 1级	"['9℃', '1℃']"	小雨	很弱	适宜	较冷	较适宜	较冷	较适宜
20180221	20180222	南风 2级	"['9℃', '0℃']"	晴	中等	适宜	较冷	较适宜	较冷	适宜
20180222	20180223	西南风 微风	"['13℃', '0℃']"	晴	中等	适宜	较冷	较适宜	较冷	适宜
20180223	20180224	东南风 1级	"['16℃', '0℃']"	多云	弱	适宜	较冷	适宜	较冷	适宜
20180224	20180225	北风 微风	"['16℃', '2℃']"	多云	中等	适宜	较冷	适宜	较冷	适宜
20180225	20180226	北风 微风	"['16℃', '2℃']"	晴	弱	适宜	较冷	适宜	较冷	适宜
20180226	20180227	北风 1级	"['16℃', '3℃']"	阴	很弱	适宜	较冷	较不宜	较冷	较适宜
20180227	20180228	西北风 1级	"['15℃', '6℃']"	阴	弱	适宜	较舒适	适宜	较舒适	适宜
20180228	20180301	东风 1级	"['20℃', '5℃']"	晴	很弱	适宜	较冷	适宜	较冷	适宜
20180301	20180302	东南风 1级	"['16℃', '4℃']"	多云	弱	适宜	较舒适	适宜	较舒适	适宜
20180302	20180303	西南风 微风	"['17℃', '3℃']"	多云	中等	适宜	较舒适	适宜	较舒适	适宜
20180303	20180304	北风 微风	"['20℃', '7℃']"	晴	很弱	适宜	较冷	不适宜	较冷	较不宜
20180304	20180305	西南风 1级	"['14℃', '4℃']"	小雨	弱	适宜	较冷	较适宜	较冷	较不宜
20180305	20180306	西北风 1级	"['15℃', '4℃']"	阴	很弱	适宜	冷	较不宜	较舒适	较不宜
20180306	20180307	东南风 1级	"['8℃', '3℃']"	小雨	很弱	适宜	较冷	较不宜	较冷	较不宜
20180307	20180308	北风 微风	"['12℃', '0℃']"	阴	弱	适宜	较冷	较适宜	较冷	较不宜
20180308	20180309	东南风 1级	"['15℃', '1℃']"	晴	中等	适宜	较冷	适宜	较冷	适宜
20180309	20180310	北风 微风	"['16℃', '4℃']"	晴	弱	适宜	较冷	适宜	较冷	适宜
20180310	20180311	西北风 微风	"['19℃', '7℃']"	多云	中等	适宜	较舒适	适宜	较舒适	适宜
20180311	20180312	北风 3级	"['20℃', '6℃']"	晴	中等	适宜	较舒适	适宜	较舒适	适宜
20180312	20180313	北风 微风	"['23℃', '6℃']"	晴	弱	适宜	较舒适	适宜	较舒适	适宜
20180313	20180314	北风 微风	"['24℃', '6℃']"	多云	弱	适宜	舒适	适宜	舒适	适宜
20180314	20180315	东北风 微风	"['25℃', '8℃']"	晴	中等	适宜	较舒适	适宜	较舒适	较不宜
20180315	20180316	西北风 1级	"['23℃', '10℃']"	晴	弱	适宜	较冷	较不宜	较冷	不宜
20180316	20180317	西南风 2级	"['17℃', '6℃']"	阴	很弱	适宜	较冷	不适宜	较冷	较不宜
20180317	20180318	北风 1级	"['8℃', '5℃']"	小雨	很弱	适宜	较冷	较不宜	较冷	较不宜
20180318	20180319	西北风 1级	"['7℃', '5℃']"	阴	很弱	适宜	较冷	不适宜	较冷	较不宜
20180319	20180320	西风 微风	"['15℃', '6℃']"	阴	很弱	适宜	较冷	不适宜	较冷	较不宜
20180320	20180321	北风 微风	"['14℃', '4℃']"	多云	中等	适宜	较舒适	适宜	较舒适	较不宜
20180321	20180322	南风 1级	"['19℃', '4℃']"	晴	中等	适宜	较舒适	适宜	较舒适	适宜
20180322	20180323	北风 1级	"['22℃', '5℃']"	晴	弱	适宜	较舒适	适宜	较舒适	适宜
20180323	20180324	北风 1级	"['23℃', '9℃']"	多云	中等	适宜	较舒适	适宜	较舒适	适宜
20180324	20180325	北风 微风	"['23℃', '9℃']"	多云	弱	适宜	较舒适	适宜	较舒适	适宜
20180325	20180326	北风 微风	"['22℃', '11℃']"	多云	很弱	适宜	舒适	较不宜	舒适	较不宜
20180326	20180327	南风 2级	"['25℃', '10℃']"	多云	弱	适宜	热	适宜	很不舒适	适宜
20180327	20180328	东南风 1级	"['29℃', '12℃']"	多云	弱	适宜	热	较不宜	很不舒适	较适宜
20180328	20180329	南风 微风	"['30℃', '13℃']"	多云	中等	适宜	舒适	适宜	舒适	不宜
20180329	20180330	南风 2级	"['28℃', '14℃']"	多云	中等	适宜	舒适	适宜	舒适	较不宜
20180330	20180331	南风 1级	"['27℃', '12℃']"	多云	弱	适宜	舒适	适宜	舒适	较不宜
20180331	20180401	南风 1级	"['26℃', '14℃']"	阴	强	适宜	热	适宜	很不舒适	适宜
20180401	20180402	东北风 微风	"['30℃', '11℃']"	晴	很强	适宜	热	适宜	很不舒适	适宜
20180402	20180403	北风 微风	"['31℃', '13℃']"	晴	很强	适宜	热	适宜	很不舒适	适宜
20180403	20180404	东北风 1级	"['31℃', '12℃']"	晴	弱	适宜	舒适	适宜	舒适	较不宜
20180404	20180405	北风 2级	"['23℃', '9℃']"	多云	很弱	适宜	较舒适	适宜	较舒适	适宜
20180405	20180406	西南风 1级	"['20℃', '7℃']"	多云	中等	适宜	较冷	适宜	较冷	较不宜
20180406	20180407	东风 微风	"['16℃', '2℃']"	晴	中等	适宜	较舒适	适宜	较舒适	较适宜
20180407	20180408	南风 微风	"['21℃', '5℃']"	晴	强	适宜	舒适	适宜	舒适	适宜
20180408	20180409	东北风 微风	"['29℃', '7℃']"	晴	强	适宜	热	适宜	很不舒适	适宜
20180409	20180410	南风 2级	"['29℃', '13℃']"	晴	中等	适宜	热	适宜	很不舒适	适宜
20180410	20180411	东风 微风	"['30℃', '10℃']"	多云	很弱	适宜	舒适	较不宜	舒适	较适宜
20180411	20180412	西南风 1级	"['27℃', '15℃']"	阴	很弱	适宜	舒适	较不宜	舒适	较适宜
20180412	20180413	东南风 1级	"['16℃', '10℃']"	小雨	很弱	适宜	较冷	不适宜	较冷	较不宜
20180413	20180414	南风 1级	"['13℃', '9℃']"	小雨	很弱	适宜	较舒适	较不宜	较舒适	较适宜
20180414	20180415	西南风 1级	"['19℃', '5℃']"	多云	弱	适宜	较舒适	适宜	较舒适	适宜
20180415	20180416	西南风 1级	"['20℃', '6℃']"	多云	中等	适宜	舒适	适宜	舒适	适宜
20180416	20180417	东南风 1级	"['25℃', '7℃']"	晴	强	适宜	舒适	适宜	舒适	适宜
20180417	20180418	东风 微风	"['29℃', '11℃']"	晴	强	适宜	热	适宜	很不舒适	较适宜
20180418	20180419	西北风 1级	"['32℃', '15℃']"	晴	中等	适宜	热	适宜	很不舒适	较适宜
20180419	20180420	东南风 2级	"['32℃', '18℃']"	多云	很弱	适宜	舒适	不适宜	舒适	较不宜
20180420	20180421	东南风 1级	"['26℃', '13℃']"	中雨	弱	适宜	热	适宜	很不舒适	适宜
20180421	20180422	西南风 1级	"['28℃', '14℃']"	多云	弱	适宜	舒适	适宜	舒适	较适宜
20180422	20180423	东北风 1级	"['26℃', '14℃']"	阵雨	很弱	适宜	较舒适	较不宜	较舒适	较适宜
20180423	20180424	北风 1级	"['22℃', '14℃']"	阴	弱	适宜	较冷	较不宜	较冷	较不宜
20180424	20180425	南风 1级	"['18℃', '12℃']"	小雨	很弱	适宜	较舒适	不适宜	较舒适	较不宜
20180425	20180426	西南风 微风	"['19℃', '9℃']"	小雨	弱	适宜	舒适	适宜	舒适	适宜
20180426	20180427	北风 1级	"['27℃', '10℃']"	多云	中等	适宜	热	适宜	很不舒适	较适宜
20180427	20180428	东南风 微风	"['30℃', '13℃']"	阴	很弱	适宜	舒适	不适宜	舒适	较不宜
20180428	20180429	南风 2级	"['26℃', '14℃']"	多云	强	适宜	热	适宜	很不舒适	较适宜
20180429	20180430	东南风 微风	"['32℃', '12℃']"	晴	弱	适宜	热	适宜	很不舒适	适宜
20180430	20180501	东风 1级	"['28℃', '16℃']"	阴	弱	适宜	热	较不宜	很不舒适	较适宜
20180501	20180502	东风 1级	"['30℃', '13℃']"	多云	很弱	适宜	舒适	较不宜	舒适	较适宜
20180502	20180503	东风 1级	"['27℃', '10℃']"	多云	弱	适宜	热	适宜	很不舒适	较适宜
20180503	20180504	北风 1级	"['30℃', '16℃']"	阴	弱	适宜	热	适宜	很不舒适	适宜
20180504	20180505	东风 1级	"['25℃', '16℃']"	阴	弱	适宜	热	不适宜	很不舒适	较不宜
20180505	20180506	东南风 1级	"['26℃', '14℃']"	小雨	很弱	适宜	较舒适	不适宜	较舒适	较不宜
20180506	20180507	西南风 1级	"['18℃', '10℃']"	小雨	弱	适宜	较舒适	适宜	较舒适	适宜
20180507	20180508	西南风 1级	"['24℃', '12℃']"	多云	弱	适宜	舒适	适宜	舒适	较不宜
20180508	20180509	西北风 1级	"['25℃', '15℃']"	阴	很弱	适宜	较舒适	较不宜	较舒适	较适宜
20180509	20180510	东北风 1级	"['24℃', '15℃']"	小雨	很弱	适宜	较舒适	不适宜	较舒适	较不宜
20180510	20180511	西南风 1级	"['22℃', '15℃']"	小雨	很弱	适宜	较舒适	适宜	较舒适	适宜
20180511	20180512	东北风 微风	"['24℃', '13℃']"	多云	弱	适宜	热	适宜	很不舒适	适宜
20180512	20180513	东南风 微风	"['24℃', '11℃']"	多云	很强	适宜	热	适宜	很不舒适	适宜
20180513	20180514	西北风 1级	"['33℃', '17℃']"	晴	强	适宜	炎热	适宜	较不舒适	适宜
20180514	20180515	南风 1级	"['31℃', '20℃']"	多云	中等	适宜	热	较不宜	很不舒适	较不宜
20180515	20180516	东南风 1级 	"['34℃', '20℃']"	多云	很强	适宜	炎热	适宜	较不舒适	适宜
20180516	20180517	北风 1级 	"['35℃', '21℃']"	晴	弱	较不适宜	炎热	较不宜	较不舒适	较适宜
20180517	20180518	东风 微风 	"['32℃', '19℃']"	阴	弱	较不适宜	舒适	较不宜	舒适	较不宜
20180518	20180519	东北风 1级 	"['30℃', '19℃']"	小雨	很弱	不适宜	舒适	不适宜	舒适	较不宜
20180519	20180520	西北风 微风 	"['27℃', '18℃']"	阵雨	很弱	较不适宜	较舒适	较不宜	较舒适	较不宜
20180520	20180521	西北风 2级 	"['24℃', '15℃']"	阴	很弱	不适宜	较舒适	不适宜	较舒适	不宜
20180521	20180522	北风 2级 	"['23℃', '13℃']"	中雨	弱	不适宜	舒适	适宜	舒适	较适宜
20180522	20180523	东南风 1级 	"['26℃', '11℃']"	多云	中等	适宜	舒适	适宜	舒适	适宜
20180523	20180524	西风 微风 	"['26℃', '14℃']"	多云	很弱	较不适宜	舒适	较不宜	舒适	较适宜
20180524	20180525	东风 1级 	"['25℃', '15℃']"	多云	弱	不适宜	热	适宜	很不舒适	适宜
20180525	20180526	西北风 1级 	"['30℃', '19℃']"	多云	很弱	较不适宜	较舒适	不适宜	较舒适	较不宜
20180526	20180527	东南风 1级 	"['24℃', '13℃']"	阵雨	弱	较适宜	热	适宜	很不舒适	适宜
20180527	20180528	东南风 1级 	"['28℃', '13℃']"	阴	弱	较不适宜	热	较不宜	很不舒适	较适宜
20180528	20180529	南风 1级 	"['31℃', '14℃']"	多云	弱	较不适宜	热	较不宜	很不舒适	较适宜
20180529	20180530	北风 微风 	"['30℃', '13℃']"	阴	弱	较不适宜	热	适宜	很不舒适	适宜
20180530	20180531	东南风 1级 	"['29℃', '15℃']"	多云	中等	较适宜	炎热	适宜	较不舒适	较适宜
20180531	20180601	北风 1级 	"['33℃', '18℃']"	多云	中等	较适宜	热	适宜	很不舒适	较适宜
20180601	20180602	南风 1级 	"['30℃', '16℃']"	多云	弱	较不适宜	热	适宜	很不舒适	适宜
20180602	20180603	北风 微风 	"['31℃', '16℃']"	多云	弱	较适宜	热	较不宜	很不舒适	较适宜
20180603	20180604	东风 1级 	"['31℃', '17℃']"	多云	弱	较不适宜	炎热	适宜	较不舒适	适宜
20180604	20180605	东风 1级 	"['30℃', '14℃']"	多云	很强	适宜	炎热	适宜	较不舒适	适宜
20180605	20180606	东北风 微风 	"['36℃', '18℃']"	晴	很强	适宜	炎热	适宜	较不舒适	适宜
20180606	20180607	东风 1级 	"['38℃', '22℃']"	多云	弱	较不适宜	炎热	适宜	较不舒适	较不宜
20180607	20180608	东南风 1级 	"['33℃', '19℃']"	多云	很弱	不适宜	较舒适	不适宜	较舒适	较不宜
20180608	20180609	西南风 1级 	"['22℃', '13℃']"	小雨	中等	较适宜	热	适宜	很不舒适	较适宜
20180609	20180610	东南风 1级 	"['30℃', '15℃']"	多云	很强	适宜	炎热	适宜	较不舒适	适宜
20180610	20180611	东风 微风 	"['34℃', '16℃']"	晴	中等	适宜	炎热	适宜	较不舒适	较适宜
20180611	20180612	东南风 1级 	"['36℃', '20℃']"	多云	很强	适宜	炎热	适宜	较不舒适	适宜
20180612	20180613	东南风 1级 	"['37℃', '20℃']"	晴	弱	较不适宜	炎热	适宜	较不舒适	适宜
20180613	20180614	东北风 微风 	"['39℃', '21℃']"	多云	中等	适宜	炎热	适宜	较不舒适	适宜
20180614	20180615	南风 1级 	"['37℃', '21℃']"	多云	弱	较不适宜	炎热	较不宜	较不舒适	较适宜
20180615	20180616	东南风 1级 	"['35℃', '22℃']"	阴	很弱	较不适宜	舒适	不适宜	舒适	较不宜
20180616	20180617	北风 1级 	"['28℃', '22℃']"	小雨	弱	较不适宜	热	较不宜	很不舒适	较不宜
20180617	20180618	南风 2级 	"['31℃', '21℃']"	阴	很弱	不适宜	较舒适	不适宜	较舒适	较不宜
20180618	20180619	西北风 2级 	"['26℃', '21℃']"	小雨	中等	较适宜	炎热	适宜	较不舒适	适宜
20180619	20180620	东南风 1级 	"['31℃', '20℃']"	多云	强	较适宜	炎热	适宜	较不舒适	较适宜
20180620	20180621	东南风 1级 	"['34℃', '20℃']"	多云	弱	较适宜	炎热	较不宜	较不舒适	较适宜
20180621	20180622	南风 1级 	"['33℃', '20℃']"	多云	很强	适宜	炎热	适宜	较不舒适	适宜
20180622	20180623	东南风 1级 	"['34℃', '22℃']"	晴	中等	适宜	炎热	适宜	较不舒适	较适宜
20180623	20180624	西风 微风 	"['35℃', '23℃']"	多云	中等	适宜	炎热	适宜	较不舒适	适宜
20180624	20180625	西北风 1级 	"['35℃', '24℃']"	阴	弱	较不适宜	炎热	较不宜	较不舒适	较适宜
20180625	20180626	南风 1级 	"['33℃', '22℃']"	小雨	弱	不适宜	热	不适宜	很不舒适	较不宜
20180626	20180627	西北风 1级 	"['30℃', '23℃']"	中雨	弱	不适宜	炎热	适宜	较不舒适	适宜
20180627	20180628	西南风 1级 	"['33℃', '23℃']"	阵雨	中等	适宜	炎热	适宜	较不舒适	适宜
20180628	20180629	东北风 微风 	"['34℃', '23℃']"	多云	弱	较不适宜	炎热	较不宜	较不舒适	较适宜
20180629	20180630	西北风 1级 	"['34℃', '24℃']"	小雨	弱	不适宜	炎热	不适宜	较不舒适	较不宜
20180630	20180701	南风 2级 	"['33℃', '22℃']"	多云	中等	较适宜	炎热	适宜	较不舒适	较适宜
20180701	20180702	西风 1级 	"['34℃', '23℃']"	阴	弱	不适宜	热	不适宜	很不舒适	不宜
20180702	20180703	南风 1级 	"['28℃', '21℃']"	大雨	很弱	不适宜	舒适	不适宜	舒适	不宜
20180703	20180704	西南风 1级 	"['26℃', '21℃']"	中雨	很弱	不适宜	舒适	不适宜	舒适	不宜
20180704	20180705	西风 1级 	"['23℃', '20℃']"	中雨	弱	不适宜	热	较不宜	很不舒适	较适宜
20180705	20180706	北风 微风 	"['30℃', '21℃']"	多云	中等	较适宜	炎热	适宜	较不舒适	适宜
20180706	20180707	西北风 微风 	"['33℃', '22℃']"	多云	中等	较适宜	炎热	适宜	较不舒适	适宜
20180707	20180708	西南风 微风 	"['33℃', '23℃']"	多云	弱	较适宜	热	不适宜	很不舒适	较不宜
20180708	20180709	西北风 微风 	"['30℃', '22℃']"	小雨	弱	不适宜	热	不适宜	很不舒适	较不宜
20180709	20180710	西北风 1级 	"['26℃', '21℃']"	小雨	弱	不适宜	热	不适宜	很不舒适	较不宜
20180710	20180711	东风 1级 	"['26℃', '23℃']"	中雨	弱	不适宜	热	不适宜	很不舒适	较不宜
20180711	20180712	南风 1级 	"['28℃', '21℃']"	小雨	中等	较适宜	炎热	适宜	较不舒适	适宜
20180712	20180713	西南风 微风 	"['30℃', '22℃']"	小雨	弱	较不适宜	热	较不宜	很不舒适	较不宜
20180713	20180714	东南风 1级 	"['32℃', '23℃']"	阴	弱	较不适宜	炎热	较不宜	较不舒适	较适宜
20180714	20180715	南风 微风 	"['33℃', '25℃']"	阵雨	中等	较不适宜	炎热	较不宜	较不舒适	较不宜
20180715	20180716	东南风 1级 	"['35℃', '26℃']"	阵雨	弱	较适宜	炎热	不适宜	较不舒适	较不宜
20180716	20180717	北风 1级 	"['36℃', '25℃']"	阴	弱	较不适宜	炎热	适宜	较不舒适	较适宜
20180717	20180718	南风 1级 	"['36℃', '26℃']"	晴	中等	较适宜	炎热	适宜	较不舒适	较适宜
20180718	20180719	东南风 2级 	"['38℃', '27℃']"	多云	中等	较适宜	炎热	适宜	较不舒适	较适宜
20180719	20180720	南风 1级 	"['40℃', '27℃']"	阴	弱	适宜	炎热	较不宜	较不舒适	较适宜
20180720	20180721	南风 微风 	"['40℃', '28℃']"	多云	中等	较适宜	炎热	适宜	较不舒适	较适宜
20180721	20180722	西北风 1级 	"['39℃', '27℃']"	多云	中等	较适宜	炎热	适宜	较不舒适	较适宜
20180722	20180723	南风 1级 	"['40℃', '27℃']"	多云	很强	适宜	炎热	适宜	较不舒适	较适宜
20180723	20180724	西南风 1级 	"['40℃', '28℃']"	晴	很强	适宜	炎热	适宜	较不舒适	较适宜
20180724	20180725	南风 1级 	"['39℃', '26℃']"	晴	中等	适宜	炎热	适宜	较不舒适	较适宜
20180725	20180726	南风 1级 	"['39℃', '28℃']"	多云	弱	适宜	炎热	不适宜	较不舒适	较不宜
20180726	20180727	西南风 1级 	"['37℃', '27℃']"	阵雨	中等	较适宜	炎热	较不宜	较不舒适	较不宜
20180727	20180728	西南风 1级 	"['37℃', '26℃']"	阵雨	中等	适宜	炎热	较不宜	较不舒适	较不宜
20180728	20180729	东南风 2级 	"['37℃', '26℃']"	多云	中等	适宜	炎热	较不宜	较不舒适	较不宜
20180729	20180730	东南风 1级 	"['37℃', '26℃']"	多云	中等	较不适宜	炎热	较不宜	较不舒适	较不宜
20180730	20180731	东南风 1级 	"['35℃', '24℃']"	阵雨	弱	不适宜	炎热	不适宜	较不舒适	较不宜
20180731	20180801	西北风 2级 	"['34℃', '25℃']"	阵雨	弱	较适宜	炎热	不适宜	较不舒适	较不宜
20180801	20180802	南风 微风 	"['37℃', '26℃']"	多云	强	较不适宜	炎热	适宜	较不舒适	较适宜
20180802	20180803	南风 1级 	"['36℃', '25℃']"	阵雨	中等	适宜	炎热	较不宜	较不舒适	较不宜
20180803	20180804	东南风 1级 	"['39℃', '25℃']"	晴	中等	适宜	炎热	适宜	较不舒适	较适宜
20180804	20180805	南风 1级 	"['38℃', '25℃']"	晴	中等	适宜	炎热	较不宜	较不舒适	较不宜
20180805	20180806	西风 1级 	"['39℃', '26℃']"	晴	中等	较适宜	炎热	较不宜	较不舒适	较不宜
20180806	20180807	南风 1级 	"['37℃', '26℃']"	多云	中等	较适宜	炎热	适宜	较不舒适	较适宜
20180807	20180808	南风 2级 	"['39℃', '26℃']"	小雨	强	不适宜	炎热	适宜	较不舒适	较适宜
20180808	20180809	西南风 1级 	"['37℃', '27℃']"	晴	中等	较适宜	炎热	较不宜	较不舒适	较不宜
20180809	20180810	东南风 2级 	"['38℃', '26℃']"	多云	很强	适宜	炎热	适宜	较不舒适	较适宜
20180810	20180811	南风 1级 	"['38℃', '25℃']"	阵雨	中等	适宜	炎热	适宜	较不舒适	较适宜
20180811	20180812	南风 1级 	"['37℃', '24℃']"	阴	中等	较适宜	炎热	适宜	较不舒适	较适宜
20180812	20180813	东南风 1级 	"['36℃', '26℃']"	多云	中等	较适宜	炎热	适宜	较不舒适	较适宜
20180813	20180814	东南风 2级 	"['37℃', '25℃']"	多云	弱	较适宜	炎热	不适宜	较不舒适	较不宜
20180814	20180815	东风 1级 	"['36℃', '25℃']"	晴	中等	较适宜	炎热	适宜	较不舒适	较适宜
20180815	20180816	东南风 1级 	"['35℃', '25℃']"	多云	中等	较不适宜	炎热	适宜	较不舒适	较适宜
20180816	20180817	西风 2级 	"['33℃', '22℃']"	小雨	弱	不适宜	热	不适宜	很不舒适	较不宜
20180817	20180818	南风 1级 	"['32℃', '23℃']"	阵雨	弱	较适宜	炎热	较不宜	较不舒适	较适宜
20180818	20180819	东南风 1级 	"['34℃', '23℃']"	多云	强	较适宜	炎热	适宜	较不舒适	适宜
20180819	20180820	东风 1级 	"['35℃', '23℃']"	晴	中等	适宜	炎热	适宜	较不舒适	适宜
20180820	20180821	南风 1级 	"['36℃', '25℃']"	晴	中等	较适宜	炎热	较不宜	较不舒适	较不宜
20180821	20180822	东风 2级 	"['35℃', '24℃']"	多云	弱	不适宜	热	适宜	很不舒适	较不宜
20180822	20180823	东风 1级 	"['28℃', '22℃']"	阴	中等	较适宜	热	适宜	很不舒适	适宜
20180823	20180824	西风 微风 	"['31℃', '20℃']"	多云	很强	适宜	炎热	适宜	较不舒适	较适宜
20180824	20180825	西风 1级 	"['32℃', '22℃']"	晴	中等	适宜	炎热	适宜	较不舒适	较适宜
20180825	20180826	西南风 1级 	"['33℃', '23℃']"	多云	强	较适宜	炎热	适宜	较不舒适	较适宜
20180826	20180827	南风 1级 	"['34℃', '25℃']"	晴	中等	适宜	炎热	适宜	较不舒适	较适宜
20180827	20180828	东南风 1级 	"['34℃', '22℃']"	多云	中等	较适宜	炎热	适宜	较不舒适	较适宜
20180828	20180829	南风 微风 	"['34℃', '23℃']"	多云	很强	适宜	炎热	适宜	较不舒适	适宜
20180829	20180830	北风 微风 	"['35℃', '24℃']"	晴	很强	适宜	炎热	适宜	较不舒适	较适宜
20180830	20180831	东南风 1级 	"['35℃', '24℃']"	多云	强	较适宜	炎热	适宜	较不舒适	较适宜
20180831	20180901	东风 1级 	"['35℃', '25℃']"	多云	中等	较适宜	炎热	适宜	较不舒适	较不宜
20180901	20180902	西南风 1级 	"['35℃', '24℃']"	多云	弱	较适宜	热	较不宜	很不舒适	较适宜
20180902	20180903	西南风 1级 	"['31℃', '23℃']"	多云	弱	较不适宜	炎热	适宜	较不舒适	适宜
20180903	20180904	西南风 1级 	"['31℃', '23℃']"	多云	中等	适宜	热	适宜	很不舒适	较适宜
20180904	20180905	南风 3级 	"['31℃', '19℃']"	多云	很弱	不适宜	较舒适	不适宜	较舒适	不宜
20180905	20180906	西北风 1级 	"['23℃', '19℃']"	小雨	弱	较不适宜	热	适宜	很不舒适	适宜
20180906	20180907	东风 1级 	"['27℃', '17℃']"	多云	弱	适宜	舒适	适宜	舒适	适宜
20180907	20180908	西南风 3级 	"['27℃', '17℃']"	阴	很弱	较适宜	较舒适	较不宜	较舒适	较适宜
20180908	20180909	西南风 3级 	"['27℃', '17℃']"	阴	很弱	较适宜	较舒适	较不宜	较舒适	较适宜
20180909	20180910	西南风 3级 	"['27℃', '17℃']"	阴	很弱	较适宜	较舒适	较不宜	较舒适	较适宜
20180910	20180911	南风 2级 	"['28℃', '18℃']"	多云	强	较适宜	热	适宜	很不舒适	较适宜
20180911	20180912	南风 1级 	"['29℃', '20℃']"	晴	弱	较适宜	热	适宜	很不舒适	适宜
20180912	20180913	东南风 1级 	"['29℃', '20℃']"	多云	弱	较适宜	热	适宜	很不舒适	适宜
20180913	20180914	东风 1级 	"['24℃', '18℃']"	阵雨	很弱	较不适宜	舒适	较不宜	舒适	较适宜
20180914	20180915	南风 1级 	"['22℃', '15℃']"	小雨	很弱	不适宜	较舒适	不适宜	较舒适	较不宜
20180915	20180916	西南风 3级 	"['27℃', '17℃']"	阴	很弱	较适宜	较舒适	较不宜	较舒适	较适宜
20180916	20180917	东风 1级 	"['20℃', '14℃']"	小雨	弱	不适宜	舒适	适宜	舒适	较适宜
20180917	20180918	西南风 1级 	"['25℃', '14℃']"	多云	很弱	不适宜	较舒适	不适宜	较舒适	较不宜
20180918	20180919	南风 1级 	"['20℃', '16℃']"	小雨	很弱	不适宜	较舒适	不适宜	较舒适	较不宜
20180919	20180920	南风 1级 	"['20℃', '16℃']"	小雨	很弱	不适宜	舒适	较不宜	舒适	较适宜
20180920	20180921	南风 1级 	"['23℃', '13℃']"	阴	强	适宜	舒适	适宜	舒适	适宜
20180921	20180922	东风 微风 	"['26℃', '11℃']"	多云	强	适宜	舒适	适宜	舒适	适宜
20180922	20180923	西南风 微风 	"['26℃', '14℃']"	晴	中等	适宜	舒适	适宜	舒适	适宜
20180923	20180924	北风 微风 	"['25℃', '15℃']"	多云	很弱	较适宜	舒适	较不宜	舒适	较适宜
20180924	20180925	南风 1级 	"['25℃', '16℃']"	多云	很弱	不适宜	较冷	不适宜	较冷	较不宜
20180925	20180926	西南风 微风 	"['19℃', '15℃']"	小雨	强	较不适宜	炎热	适宜	较不舒适	较适宜
20180926	20180927	西南风 1级 	"['20℃', '14℃']"	阴	很弱	较不适宜	较冷	不适宜	较冷	较不宜
20180927	20180928	西南风 1级 	"['17℃', '8℃']"	小雨	中等	较适宜	舒适	适宜	舒适	较适宜
20180928	20180929	西南风 1级 	"['25℃', '10℃']"	晴	强	适宜	舒适	适宜	舒适	较适宜
20180929	20180930	西南风 微风 	"['26℃', '11℃']"	晴	很弱	较不适宜	较舒适	适宜	较舒适	较适宜
20180930	20181001	东风 1级 	"['23℃', '11℃']"	多云	中等	较适宜	较舒适	适宜	较舒适	适宜
20181001	20181002	东南风 1级 	"['23℃', '11℃']"	晴	中等	适宜	较舒适	适宜	较舒适	适宜
20181002	20181003	东南风 1级 	"['23℃', '9℃']"	晴	弱	较适宜	舒适	适宜	舒适	适宜
20181003	20181004	东南风 1级 	"['25℃', '9℃']"	晴	中等	适宜	舒适	适宜	舒适	适宜
20181004	20181005	南风 微风 	"['25℃', '11℃']"	晴	弱	较适宜	舒适	适宜	舒适	适宜
20181005	20181006	东北风 1级 	"['25℃', '11℃']"	晴	很弱	较适宜	较舒适	较不宜	较舒适	较适宜
20181006	20181007	西北风 1级 	"['21℃', '11℃']"	阴	很弱	较不适宜	较舒适	较不宜	较舒适	较适宜
20181007	20181008	西南风 1级 	"['21℃', '12℃']"	阴	很弱	较适宜	较舒适	不适宜	较舒适	较不宜
20181008	20181009	西南风 1级 	"['19℃', '9℃']"	小雨	很弱	较不适宜	较舒适	适宜	较舒适	适宜
20181009	20181010	东南风 1级 	"['21℃', '10℃']"	多云	中等	较适宜	较舒适	适宜	较舒适	适宜
20181010	20181011	南风 1级 	"['21℃', '7℃']"	晴	中等	适宜	较舒适	适宜	较舒适	适宜
20181011	20181012	北风 2级 	"['20℃', '8℃']"	阴	很弱	较不适宜	较舒适	较不宜	较舒适	较适宜
20181012	20181013	西北风 1级 	"['22℃', '13℃']"	多云	弱	适宜	较舒适	适宜	较舒适	较适宜
20181013	20181014	东南风 1级 	"['19℃', '11℃']"	小雨	很弱	不适宜	较舒适	不适宜	较舒适	较不宜
20181014	20181015	北风 1级 	"['18℃', '10℃']"	阴	很弱	较不适宜	较舒适	适宜	较舒适	适宜
20181015	20181016	东风 1级 	"['21℃', '9℃']"	晴	中等	非常适宜	较舒适	适宜	较舒适	适宜
20181016	20181017	南风 1级 	"['22℃', '10℃']"	多云	弱	较适宜	较舒适	适宜	较舒适	较适宜
20181017	20181018	东南风 1级 	"['20℃', '11℃']"	多云	弱	较适宜	较舒适	适宜	较舒适	较不宜
20181018	20181019	东南风 1级 	"['22℃', '13℃']"	阴	很弱	不适宜	较舒适	较不宜	较舒适	较适宜
20181019	20181020	西风 微风 	"['17℃', '10℃']"	阴	很弱	较不适宜	较舒适	较不宜	较舒适	较适宜
20181020	20181021	东南风 1级 	"['16℃', '10℃']"	阴	很弱	不适宜	较冷	较不宜	较冷	较不宜
20181021	20181022	东南风 微风 	"['16℃', '8℃']"	小雨	弱	较不适宜	较舒适	适宜	较舒适	适宜
20181022	20181023	东风 1级 	"['20℃', '7℃']"	多云	中等	不适宜	较舒适	适宜	较舒适	适宜
20181023	20181024	东北风 微风 	"['21℃', '7℃']"	晴	弱	较不适宜	较舒适	适宜	较舒适	适宜
20181024	20181025	北风 1级 	"['20℃', '12℃']"	多云	很弱	不适宜	较舒适	不适宜	较舒适	较不宜
20181025	20181026	北风 微风 	"['21℃', '10℃']"	晴	中等	较适宜	较舒适	适宜	较舒适	适宜
20181026	20181027	东风 微风 	"['19℃', '5℃']"	晴	中等	较适宜	较舒适	适宜	较舒适	较适宜
20181027	20181028	东北风 微风 	"['20℃', '4℃']"	晴	中等	较适宜	较舒适	适宜	较舒适	较适宜
20181028	20181029	南风 微风 	"['21℃', '5℃']"	晴	中等	较适宜	较舒适	适宜	较舒适	较适宜
20181029	20181030	东南风 1级 	"['22℃', '7℃']"	晴	弱	较适宜	较舒适	适宜	较舒适	较适宜
20181030	20181031	北风 微风 	"['23℃', '5℃']"	多云	中等	较适宜	较舒适	适宜	较舒适	适宜
20181031	20181101	东南风 1级 	"['22℃', '5℃']"	晴	中等	较适宜	较舒适	适宜	较舒适	较适宜
20181101	20181102	东北风 微风 	"['22℃', '6℃']"	晴	中等	较适宜	较冷	适宜	较冷	不宜
20181102	20181103	西北风 微风 	"['22℃', '9℃']"	晴	弱	较适宜	较冷	较适宜	较冷	适宜
20181103	20181104	南风 2级 	"['18℃', '8℃']"	多云	很弱	不适宜	较冷	较不宜	较冷	较不宜
20181104	20181105	东南风 1级 	"['13℃', '6℃']"	阴	很弱	不适宜	较冷	不适宜	较冷	较不宜
20181105	20181106	南风 1级 	"['10℃', '6℃']"	小雨	很弱	不适宜	冷	较不宜	较舒适	较适宜
20181106	20181107	北风 1级 	"['7℃', '4℃']"	小雨	很弱	不适宜	冷	不适宜	较舒适	较不宜
20181107	20181108	东北风 微风 	"['8℃', '0℃']"	小雨	弱	较不适宜	较冷	较适宜	较冷	适宜
20181108	20181109	东南风 1级 	"['16℃', '1℃']"	晴	中等	较适宜	较冷	较适宜	较冷	适宜
20181109	20181110	东北风 2级 	"['16℃', '4℃']"	晴	很弱	较不适宜	较冷	较适宜	较冷	适宜
20181110	20181111	西南风 2级 	"['13℃', '2℃']"	阴	很弱	较适宜	较冷	较适宜	较冷	适宜
20181111	20181112	东南风 1级 	"['15℃', '2℃']"	多云	很弱	较不适宜	较冷	较适宜	较冷	适宜
20181112	20181113	东北风 2级 	"['14℃', '3℃']"	多云	弱	较适宜	较冷	较适宜	较冷	适宜
20181113	20181114	东北风 2级 	"['13℃', '4℃']"	晴	很弱	不适宜	冷	较不宜	较舒适	较适宜
20181114	20181115	西南风 2级 	"['10℃', '5℃']"	小雨	很弱	不适宜	冷	较不宜	较舒适	较不宜
20181115	20181116	西南风 2级 	"['10℃', '5℃']"	小雨	很弱	不适宜	冷	不适宜	较舒适	较不宜
20181116	20181117	西北风 2级 	"['5℃', '1℃']"	小雨	很弱	不适宜	冷	较不宜	较舒适	较适宜
20181117	20181118	西南风 3级 	"['7℃', '1℃']"	阴	很弱	不适宜	冷	较适宜	较舒适	适宜
20181118	20181119	东南风 1级 	"['10℃', '0℃']"	多云	中等	较适宜	冷	较适宜	较舒适	适宜
20181119	20181120	东北风 1级 	"['12℃', '0℃']"	多云	很弱	较不适宜	冷	较适宜	较舒适	适宜
20181120	20181121	西南风 2级 	"['9℃', '1℃']"	多云	弱	较不适宜	冷	较适宜	较舒适	适宜
20181121	20181122	东南风 2级 	"['9℃', '-2℃']"	晴	弱	较适宜	冷	较适宜	较舒适	较适宜
20181122	20181123	东南风 2级 	"['12℃', '0℃']"	多云	中等	较适宜	较冷	较适宜	较冷	适宜
20181123	20181124	东南风 2级 	"['15℃', '0℃']"	晴	很弱	不适宜	较冷	较适宜	较冷	适宜
20181124	20181125	西南风 2级 	"['14℃', '3℃']"	多云	弱	较不适宜	较冷	较适宜	较冷	适宜
20181125	20181126	东南风 1级 	"['15℃', '0℃']"	晴	很弱	较适宜	较冷	较适宜	较冷	较不宜
20181126	20181127	西南风 2级 	"['15℃', '0℃']"	多云	很弱	不适宜	冷	较适宜	较舒适	适宜
20181127	20181128	东南风 1级 	"['14℃', '3℃']"	多云	很弱		较冷	不适宜	较冷	不宜
20181128	20181129	东南风 1级 	"['14℃', '0℃']"	多云	很弱		较冷	不适宜	较冷	不宜
20181129	20181130	东北风 2级 	"['14℃', '3℃']"	霾	很弱	不适宜	冷	不适宜	较舒适	不宜
20181130	20181201	西南风 2级 	"['11℃', '3℃']"	霾	很弱	不适宜	较冷	不适宜	较冷	不宜
20181201	20181202	西南风 2级 	"['14℃', '2℃']"	霾	很弱		较冷	不适宜	较冷	不宜
20181202	20181203	西南风 4级 	"['11℃', '3℃']"	霾	很弱	不适宜	冷	较不宜	较舒适	较适宜
20181203	20181204	西南风 2级 	"['9℃', '-1℃']"	霾	很弱	不适宜	冷	较适宜	较舒适	适宜
20181204	20181205	东北风 2级 	"['7℃', '0℃']"	多云	很弱	较不适宜	冷	较不宜	较舒适	较适宜
20181205	20181206	西南风 2级 	"['5℃', '-1℃']"	小雨	很弱	不适宜	冷	较适宜	较舒适	适宜
20181206	20181207	东北风 2级 	"['6℃', '-2℃']"	多云	很弱	不适宜	寒冷	较不宜	寒冷	较适宜
20181207	20181208	东北风 2级 	"['2℃', '-3℃']"	小雪	很弱	不适宜	寒冷	较适宜	寒冷	适宜
20181208	20181209	东北风 3级 	"['0℃', '-6℃']"	阴	很弱	不适宜	寒冷	较适宜	寒冷	较不宜
20181209	20181210	东北风 2级 	"['2℃', '-4℃']"	多云	很弱	不适宜	冷	较适宜	较舒适	适宜
20181210	20181211	西南风 2级 	"['2℃', '-4℃']"	阴	很弱	不适宜	寒冷	较适宜	寒冷	适宜
20181211	20181212	西北风 1级 	"['2℃', '-5℃']"	多云	弱	不适宜	冷	较适宜	较舒适	较适宜
20181212	20181213	东北风 1级 	"['3℃', '-5℃']"	晴	很弱	不适宜	寒冷	较适宜	寒冷	较不宜
20181213	20181214	东北风 2级 	"['4℃', '-5℃']"	霾	很弱	不适宜	冷	不适宜	较舒适	不宜
20181214	20181215	东北风 2级 	"['4℃', '-4℃']"	晴	很弱	不适宜	冷	不适宜	较舒适	不宜
20181215	20181216	西南风 3级 	"['8℃', '-2℃']"	霾	弱	不适宜	冷	较适宜	较舒适	适宜
20181216	20181217	西南风 2级 	"['11℃', '-2℃']"	晴	弱	不适宜	冷	较适宜	较舒适	适宜
20181217	20181218	东南风 2级 	"['9℃', '-1℃']"	晴	很弱	不适宜	冷	较适宜	较舒适	适宜
20181218	20181219	东南风 1级 	"['10℃', '-2℃']"	霾	很弱	不适宜	冷	不适宜	较舒适	不宜
20181219	20181220	东北风 1级 	"['9℃', '-2℃']"	阴	很弱	较适宜	冷	较适宜	较舒适	适宜
20181220	20181221	西南风 3级 	"['8℃', '-1℃']"	多云	很弱	较不适宜	冷	较不宜	较舒适	较适宜
20181221	20181222	西北风 1级 	"['6℃', '0℃']"	阴	很弱	不适宜	冷	较适宜	较舒适	适宜
20181222	20181223	西南风 2级 	"['7℃', '-3℃']"	阴	很弱	较不适宜	冷	较适宜	较舒适	适宜
20181223	20181224	东北风 2级 	"['2℃', '-2℃']"	多云	很弱	较不适宜	冷	较适宜	较舒适	适宜
20181224	20181225	西北风 1级 	"['4℃', '-1℃']"	阴	很弱	不适宜	冷	较适宜	较舒适	适宜
20181225	20181226	西南风 2级 	"['6℃', '-1℃']"	阴	很弱	不适宜	冷	较不宜	较舒适	较适宜
20181226	20181227	东北风 1级 	"['5℃', '0℃']"	阴	很弱	不适宜	冷	不适宜	较舒适	较不宜
20181227	20181228	西北风 2级 	"['0℃', '-4℃']"	雨夹雪	很弱	不适宜	寒冷	不适宜	寒冷	较不宜
20181228	20181229	西南风 2级 	"['-2℃', '-5℃']"	阴	很弱	不适宜	寒冷	较不宜	寒冷	较不宜
20181229	20181230	东北风 2级 	"['0℃', '-7℃']"	多云	很弱	较不适宜	寒冷	较适宜	寒冷	不宜
20181230	20181231	东北风 2级 	"['0℃', '-6℃']"	晴	弱	较适宜	寒冷	较适宜	寒冷	较不宜
20181231	20190101	西南风 2级 	"['0℃', '-6℃']"	晴	很弱	较不适宜	寒冷	较适宜	寒冷	较不宜
20190101	20190102	东北风 1级 	"['1℃', '-7℃']"	多云	很弱	不适宜	寒冷	不适宜	寒冷	不宜
20190102	20190103	西南风 1级 	"['1℃', '-7℃']"	多云	很弱	不适宜	寒冷	较适宜	寒冷	较不宜
20190103	20190104	西南风 3级 	"['1℃', '-3℃']"	多云	很弱	不适宜	寒冷	不适宜	寒冷	较不宜
20190104	20190105	东北风 1级 	"['3℃', '-5℃']"	多云	很弱	不适宜	寒冷	不适宜	寒冷	不宜
20190105	20190106	东北风 2级 	"['3℃', '-5℃']"	多云	很弱	不适宜	冷	较适宜	较舒适	适宜
20190106	20190107	西南风 3级 	"['0℃', '-4℃']"	多云	很弱	不适宜	寒冷	较适宜	寒冷	适宜
20190107	20190108	西南风 2级 	"['7℃', '-5℃']"	多云	很弱	较不适宜	寒冷	较不宜	寒冷	较不宜
20190108	20190109	东北风 2级 	"['3℃', '-2℃']"	阴	很弱	不适宜	寒冷	不适宜	寒冷	较不宜
20190109	20190110	东北风 3级 	"['1℃', '-6℃']"	阴	很弱	较适宜	寒冷	较不宜	寒冷	较适宜
20190110	20190111	西南风 2级 	"['1℃', '-4℃']"	阴	很弱	不适宜	寒冷	较适宜	寒冷	较不宜
20190111	20190112	西北风 1级 	"['5℃', '-6℃']"	雾	很弱	较适宜	寒冷	较适宜	寒冷	较适宜
20190112	20190113	东北风 1级 	"['6℃', '-5℃']"	多云	很弱	不适宜	冷	不适宜	较舒适	不宜
20190113	20190114	西北风 1级 	"['4℃', '-4℃']"	阴	很弱	不适宜	冷	不适宜	较舒适	不宜
20190114	20190115	西南风 2级 	"['5℃', '-5℃']"	多云	很弱	较不适宜	寒冷	较不宜	寒冷	较适宜
20190115	20190116	东北风 2级 	"['4℃', '-7℃']"	阴	很弱	较不适宜	寒冷	较适宜	寒冷	较不宜
20190116	20190117	西南风 3级 	"['1℃', '-6℃']"	晴	很弱	较适宜	寒冷	较适宜	寒冷	较不宜
20190117	20190118	西北风 1级 	"['5℃', '-6℃']"	晴	很弱	不适宜	寒冷	较不宜	寒冷	较适宜
20190118	20190119	东南风 1级 	"['4℃', '-4℃']"	多云	弱	较不适宜	冷	较适宜	较舒适	适宜
20190119	20190120	西南风 2级 	"['9℃', '-5℃']"	多云	很弱	较不适宜	寒冷	较不宜	寒冷	较适宜
20190120	20190121	西南风 2级 	"['6℃', '-6℃']"	阴	弱	较适宜	冷	较适宜	较舒适	较适宜
20190121	20190122	西南风 3级 	"['7℃', '-5℃']"	晴	弱	较适宜	冷	较适宜	较舒适	较适宜
20190122	20190123	东北风 微风 	"['12℃', '-4℃']"	晴	弱	较适宜	寒冷	较适宜	寒冷	适宜
20190123	20190124	西北风 1级 	"['9℃', '-5℃']"	晴	很弱	较适宜	冷	较适宜	较舒适	适宜
20190124	20190125	西南风 1级 	"['4℃', '0℃']"	多云	弱	较不适宜	冷	较适宜	较舒适	适宜
20190125	20190126	东北风 3级 	"['9℃', '-2℃']"	多云	很弱	较不适宜	冷	较适宜	较舒适	较不宜
20190126	20190127	东北风 3级 	"['6℃', '0℃']"	阴	很弱	较不适宜	冷	较适宜	较舒适	适宜
20190127	20190128	西南风 2级 	"['5℃', '-2℃']"	阴	很弱	不适宜	冷	较不宜	较舒适	较不宜
20190128	20190129	东北风 1级 	"['7℃', '-1℃']"	阴	很弱	较不适宜	冷	较适宜	较舒适	适宜
20190129	20190130	东南风 2级 	"['10℃', '1℃']"	多云	很弱	不适宜	冷	不适宜	较舒适	较不宜
20190130	20190131	东北风 2级 	"['4℃', '-1℃']"	雨夹雪	很弱	不适宜	冷	不适宜	较舒适	较不宜
20190131	20190201	东南风 2级 	"['5℃', '-7℃']"	阴	很弱	较适宜	冷	较适宜	较舒适	较不宜
20190201	20190202	东北风 2级 	"['4℃', '-3℃']"	晴	很弱	较不适宜	冷	较适宜	较舒适	适宜
20190202	20190203	西北风 3级 	"['11℃', '0℃']"	多云	很弱	较适宜	冷	较适宜	较舒适	较不宜
20190203	20190204	西南风 2级 	"['11℃', '-3℃']"	阴	很弱	不适宜	冷	较适宜	较舒适	适宜
20190204	20190205	西北风 微风 	"['13℃', '0℃']"	阴	中等	适宜	冷	较适宜	较舒适	适宜
20190205	20190206	东北风 2级 	"['10℃', '-1℃']"	阴	很弱	不适宜	较冷	较不宜	较冷	较适宜
20190206	20190207	东南风 1级 	"['13℃', '1℃']"	阴	很弱	较适宜	冷	较不宜	较舒适	较不宜
20190207	20190208	东北风 3级 	"['5℃', '-1℃']"	阴	很弱	不适宜	寒冷	不适宜	寒冷	较不宜
20190208	20190209	东北风 1级 	"['0℃', '-3℃']"	阴	很弱	不适宜	冷	较不宜	较舒适	较不宜
20190209	20190210	东北风 3级 	"['0℃', '-4℃']"	阴	很弱	不适宜	寒冷	不适宜	寒冷	较不宜
20190210	20190211	西北风 1级 	"['1℃', '-6℃']"	阴	很弱	较不适宜	寒冷	较适宜	寒冷	较不宜
20190211	20190212	西北风 1级 	"['1℃', '-4℃']"	多云	很弱	不适宜	冷	不适宜	较舒适	不宜
20190212	20190213	东北风 2级 	"['7℃', '-1℃']"	阴	很弱	不适宜	冷	较不宜	较舒适	较不宜
20190213	20190214	东北风 4级 	"['2℃', '-2℃']"	阴	很弱	不适宜	冷	较不宜	较舒适	较不宜
20190214	20190215	东北风 2级 	"['4℃', '-3℃']"	阴	很弱	较不适宜	冷	较不宜	较舒适	较适宜
20190215	20190216	东北风 2级 	"['7℃', '-3℃']"	多云	很弱	较不适宜	冷	不适宜	较舒适	不宜
20190216	20190217	东北风 2级 	"['3℃', '-3℃']"	阴	很弱	较不适宜	冷	不适宜	较舒适	较不宜
20190217	20190218	西南风 1级 	"['2℃', '-1℃']"	阴	很弱	不适宜	冷	不适宜	较舒适	较不宜
20190218	20190219	东北风 2级 	"['1℃', '-3℃']"	阴	很弱	不适宜	冷	较适宜	较舒适	较不宜
20190219	20190220	东南风 1级 	"['6℃', '-1℃']"	多云	很弱	不适宜	冷	不适宜	较舒适	不宜
20190220	20190221	西南风 1级 	"['8℃', '1℃']"	阴	很弱	不适宜	冷	不适宜	较舒适	较不宜
20190221	20190222	西南风 3级 	"['6℃', '-2℃']"	阴	很弱	较适宜	冷	较适宜	较舒适	适宜
20190222	20190223	西南风 2级 	"['8℃', '-1℃']"	多云	很弱	不适宜	冷	不适宜	较舒适	不宜
20190223	20190224	东北风 1级 	"['11℃', '0℃']"	阴	很弱	较不适宜	较冷	较不宜	较冷	较不宜
20190224	20190225	西南风 1级 	"['12℃', '2℃']"	阴	很弱	不适宜	较冷	不适宜	较冷	不宜
20190225	20190226	东北风 2级 	"['14℃', '5℃']"	多云	很弱	不适宜	冷	不适宜	较舒适	较不宜
20190226	20190227	东北风 1级 	"['5℃', '4℃']"	阴	很弱	不适宜	较冷	较适宜	较冷	较适宜
20190227	20190228	西南风 1级 	"['9℃', '1℃']"	阴	很弱	不适宜	冷	不适宜	较舒适	不宜
20190228	20190301	东北风 2级 	"['10℃', '5℃']"	多云	很弱	较不适宜	冷	不适宜	较舒适	较不宜
20190301	20190302	东南风 2级 	"['12℃', '5℃']"	阴	很弱	不适宜	冷	不适宜	较舒适	较不宜
20190302	20190303	东南风 1级 	"['7℃', '1℃']"	阴	弱	较不适宜	较冷	较适宜	较冷	适宜
20190303	20190304	东北风 2级 	"['13℃', '3℃']"	雾	很弱	较不适宜	较冷	较不宜	较冷	较适宜
20190304	20190305	西南风 2级 	"['13℃', '3℃']"	阴	很弱	较不适宜	较冷	较适宜	较冷	适宜
20190305	20190306	西北风 1级 	"['17℃', '3℃']"	阴	很弱	较适宜	较冷	较适宜	较冷	较不宜
20190306	20190307	东北风 2级 	"['17℃', '8℃']"	多云	很弱	较不适宜	较冷	较不宜	较冷	较不宜
20190307	20190308	东北风 3级 	"['14℃', '4℃']"	阴	很弱	较不适宜	较冷	较不宜	较冷	较适宜
20190308	20190309	东北风 1级 	"['12℃', '3℃']"	阴	很弱	较不适宜	较冷	较适宜	较冷	适宜
20190309	20190310	东北风 1级 	"['19℃', '3℃']"	阴	很弱	较适宜	较冷	较不宜	较冷	较不宜
20190310	20190311	西南风 2级 	"['12℃', '0℃']"	阴	弱	较适宜	较冷	较适宜	较冷	适宜
20190311	20190312	西南风 2级 	"['17℃', '2℃']"	多云	中等	适宜	较冷	较适宜	较冷	较不宜
20190312	20190313	东北风 3级 	"['19℃', '5℃']"	晴	很弱	较适宜	较冷	较不宜	较冷	较适宜
20190313	20190314	西南风 3级 	"['14℃', '4℃']"	阴	很弱	较适宜	较冷	较适宜	较冷	较不宜
20190314	20190315	西南风 3级 	"['20℃', '2℃']"	多云	很弱	较适宜	较冷	较适宜	较冷	适宜
20190315	20190316	东北风 3级 	"['20℃', '5℃']"	阴	很弱	较适宜	较冷	较适宜	较冷	适宜
20190316	20190317	北风 1级 	"['22℃', '6℃']"	阴	很弱	较适宜	较冷	较不宜	较冷	较适宜
20190317	20190318	西南风 2级 	"['21℃', '9℃']"	阴	弱	较适宜	较冷	较适宜	较冷	适宜
20190318	20190319	东南风 2级 	"['24℃', '10℃']"	晴	很弱	适宜	较舒适	较不宜	较舒适	较适宜
20190319	20190320	东南风 3级 	"['22℃', '11℃']"	阴	弱	适宜	较冷	适宜	较冷	较不宜
20190320	20190321	西北风 3级 	"['25℃', '8℃']"	多云	很弱	较不适宜	较冷	不适宜	较冷	不宜
20190321	20190322	东南风 2级 	"['11℃', '4℃']"	浮尘	很弱	较不适宜	较冷	较适宜	较冷	适宜
20190322	20190323	西北风 2级 	"['14℃', '3℃']"	阴	很弱	较不适宜	较冷	较适宜	较冷	较不宜
20190323	20190324	东北风 3级 	"['18℃', '5℃']"	阴	很弱	较适宜	较冷	较适宜	较冷	适宜
20190324	20190325	西北风 2级 	"['19℃', '5℃']"	阴	弱	适宜	较冷	适宜	较冷	适宜
20190325	20190326	西北风 1级 	"['23℃', '8℃']"	晴	很弱	适宜	较舒适	较不宜	较舒适	较适宜
20190326	20190327	东北风 2级 	"['24℃', '12℃']"	多云	很弱	适宜	较冷	较不宜	较冷	较不宜
20190327	20190328	西南风 2级 	"['21℃', '9℃']"	阴	很弱	较适宜	较冷	适宜	较冷	较不宜
20190328	20190329	东南风 2级 	"['26℃', '9℃']"	晴	弱	适宜	较冷	适宜	较冷	较不宜
20190329	20190330	南风 微风 	"['24℃', '6℃']"	阴	弱	非常适宜	较冷	较适宜	较冷	较不宜
20190330	20190331	东北风 1级 	"['19℃', '6℃']"	多云	弱	适宜	较冷	较适宜	较冷	适宜
20190331	20190401	东北风 1级 	"['20℃', '7℃']"	阴	弱	较适宜	较冷	适宜	较冷	较不宜
20190401	20190402	东北风 1级 	"['22℃', '10℃']"	阴	很弱	较适宜	较冷	较不宜	较冷	较适宜
20190402	20190403	西南风 1级 	"['16℃', '10℃']"	阴	很弱	较适宜	较冷	较不宜	较冷	较适宜
20190403	20190404	东北风 3级 	"['22℃', '10℃']"	阴	弱	适宜	较舒适	适宜	较舒适	适宜
20190404	20190405	西南风 3级 	"['25℃', '9℃']"	晴	中等	适宜	较舒适	适宜	较舒适	较适宜
20190405	20190406	东南风 2级 	"['30℃', '13℃']"	晴	中等	非常适宜	较舒适	适宜	较舒适	适宜
20190406	20190407	西南风 2级 	"['32℃', '13℃']"	多云	中等	适宜	较舒适	适宜	较舒适	适宜
20190407	20190408	东北风 3级 	"['29℃', '16℃']"	多云	很弱	较适宜	较舒适	不适宜	较舒适	较不宜
20190408	20190409	东北风 5级 	"['26℃', '14℃']"	阴	很弱	不适宜	较冷	较不宜	较冷	较适宜
20190409	20190410	东北风 4级 	"['19℃', '9℃']"	阴	很弱	较适宜	较冷	较不宜	较冷	较适宜
20190410	20190411	西南风 1级 	"['12℃', '7℃']"	阴	中等	较适宜	较冷	适宜	较冷	适宜
20190411	20190412	东北风 2级 	"['22℃', '10℃']"	多云	很弱	适宜	较冷	不适宜	较冷	较不宜
20190412	20190413	东南风 2级 	"['13℃', '7℃']"	阴	很弱	较适宜	较舒适	较不宜	较舒适	较适宜
20190413	20190414	西南风 2级 	"['16℃', '10℃']"	阴	很弱	较不适宜	较冷	适宜	较冷	较适宜
20190414	20190415	东北风 3级 	"['20℃', '11℃']"	多云	很弱	较适宜	较冷	较不宜	较冷	较适宜
20190415	20190416	西南风 3级 	"['24℃', '10℃']"	阴	中等	适宜	较舒适	适宜	较舒适	适宜
20190416	20190417	东北风 2级 	"['29℃', '13℃']"	晴	中等	非常适宜	舒适	适宜	舒适	适宜
20190417	20190418	东北风 1级 	"['27℃', '17℃']"	晴	强	非常适宜	热	适宜	很不舒适	较适宜
20190418	20190419	东北风 5级 	"['32℃', '17℃']"	晴	弱	适宜	较舒适	适宜	较舒适	较不宜
20190419	20190420	东北风 6级 	"['27℃', '13℃']"	多云	很弱	不适宜	较冷	不适宜	较冷	不宜
20190420	20190421	西南风 3级 	"['15℃', '11℃']"	阴	很弱	较不适宜	较舒适	较不宜	较舒适	较适宜
20190421	20190422	东北风 2级 	"['19℃', '14℃']"	阴	很弱	不适宜	较舒适	适宜	较舒适	适宜
20190422	20190423	东北风 3级 	"['23℃', '15℃']"	多云	中等	适宜	较舒适	适宜	较舒适	适宜
20190423	20190424	西南风 2级 	"['25℃', '14℃']"	晴	弱	非常适宜	较舒适	适宜	较舒适	适宜
20190424	20190425	西北风 3级 	"['28℃', '15℃']"	晴	中等	非常适宜	较舒适	适宜	较舒适	较不宜
20190425	20190426	东北风 4级 	"['30℃', '16℃']"	晴	很弱	较不适宜	较舒适	较不宜	较舒适	较适宜
20190426	20190427	东北风 6级 	"['19℃', '11℃']"	多云	很弱	不适宜	舒适	适宜	舒适	适宜
20190427	20190428	东南风 5级 	"['12℃', '10℃']"	阴	很弱	较不适宜	较冷	较不宜	较冷	较适宜
20190428	20190429	西南风 1级 	"['11℃', '9℃']"	阴	很弱	较不适宜	较冷	不适宜	较冷	不宜
20190429	20190430	西北风 2级 	"['23℃', '14℃']"	阴	弱	适宜	较冷	适宜	较冷	适宜
20190430	20190501	东北风 1级 	"['24℃', '13℃']"	阴	很弱	非常适宜	较舒适	较不宜	较舒适	较不宜
