user,date,eval,star,votes,content
凌睿,2019-01-09,还行,3,2221,"捕蛇村红叶似火、风景如画，村外崇山峻岭、层林尽染，永州城流光溢彩、灯火辉煌。
水墨风非常惊艳，漫天蒲公英无比浪漫，纸人军团极致震撼，动作戏让人瞠目结舌。
小白最仙女，小青最妖娆，狐妖最邪魅，蛇母最霸气，个个风华绝代，英姿飒爽，国漫（严格的说是合拍）终于不再玛丽苏、傻白甜。
“人间多的是长了两只脚的恶人，长了条尾巴又怎么样”最深刻；
“我的法力都被吸光了”“这下你再也推不开我了”最催泪。
片尾又和《白蛇传》的民间传说无缝衔接，解释了白素贞和许仙一见钟情的原因，小狗“肚兜”也修足福分，转世为人，成为许仙的姐夫。
美术登峰造极，画面美不胜收，缺点在于剧情比较简单，节奏略显沉闷，总体称得上“优秀”二字。
今年年初，中美合拍的《白蛇：缘起》即将正式上映，文体两开花，弘扬中华文化，希望大家多多关注。"
女神的秋裤,2019-01-05,推荐,4,1984,2019年的第一份国产惊喜，超出预期，虽然还有人物表情动作略显僵硬的通病，但已经比《风语咒》要好，而且画面精美，构图讲究，中国风终于不再是素材的堆砌，而是拍出了古典韵味，实在难得，诚意作品，也有水平。
沧海一小生,2019-01-11,推荐,4,1503,画面处理让人惊艳，那些如画风景栩栩如生、那些打斗的场面也是细腻、水平颇高；影片源于古老的故事，这次却另辟蹊径，他们居然要并肩作战了；中美合作，动画片整体制作偏美风，所以人物可能让你有些许熟悉感，比如女生特有花木兰的痕迹，但是男生怎么像胡歌哩，难道制作方看了仙剑，哈哈哈；不过瑕不掩瑜，片子值得一看，另外音乐也是让人心醉！
嘟嘟熊之父,2019-01-08,很差,1,675,已阵亡。这精虫上脑腻腻歪歪的爱情太令人作呕了，谁看谁瞎。你说你画风搞那么精致有啥用？请个合格编剧能花你几个钱？
壹安²,2019-01-10,推荐,4,613,国漫啊国漫，与其称之为所谓的“崛起”，不如说“魂儿”一直都在，只是“皮囊”总是染上别的颜色。《白蛇：缘起》几乎是近几年的国漫第一次敢把“爱情”主题放在第一位的，用缘分的主题、高端的国风，保证了“皮囊”纯正好看。还是要感谢有这些认真的国漫人，足以值得我们骄傲。
一口吃掉小蛋糕,2019-01-03,力荐,5,507,"boss真的不是灭霸吗？蛇母为什么那么像安以轩。所以这个算十五禁了吧？猝不及防的床戏啊！开篇的水墨风实在太美了，如果全程死磕水墨风会不会更惊艳呢？不过影片画风也是无敌了
！背景太精细了！仿佛是实景拍摄。结尾的青城山下回忆杀！"
熊升树,2019-01-06,力荐,5,575,追光的动画一直在看，这部剧本终于靠谱了，几个人物几方势力的矛盾冲突铺垫合理而又层层递进，作为一个脱胎于烂熟传说的故事发展却十分吸引人，各种细节也充满了想象力的闪光。人物塑造也很出彩，小白这么主动还有情欲戏我超喜欢，斜马尾的毒舌小青也很带感，许宣居然能想到做妖精想必那一夜非常销魂……希望追光能把前几部赔的都挣回来吧
瑜笙皆假期,2019-01-08,很差,1,352,看网红冯提莫版白蛇如何“cos”泰坦尼克号的冰山别离。
metaphor17,2019-01-08,较差,2,320,由于照顾海外市场的需要，影片在故事层面做了妥协，略微有些薄弱。技术上也称不上太好吧，为何大家对国漫如此的宽容？
妄语,2019-01-11,较差,2,332,中学生写网文，故事讲不好，骚句子特别多。男主冻成渣后旁边一女观众说了句“终于死了”。
马 夋,2019-01-03,较差,2,281,坦白说，这两年追光一直没有啥进步。尤其这部上面，中国元素依然符号化的滥用。好像很多人分不清，蛇、蟒、蛟、龙是四个不同的生物。
王大根,2019-01-09,还行,3,241,原来是白蛇传前传，前半部分像古早的香港武侠电影，后半部分是巨蟒灾难片，有些美术设计还挺有意思，故事就还是刚认识三天就爱到天崩地裂的真空爱情。你说你一个以爱情为所有情节基础的动画，就不能把男主角设计得帅气一点吗？那么路人脸的男主谁爱得进去啊！
远世祖,2019-01-05,推荐,4,283,惊喜之作！对于国漫，我们向来苛责的不是技术，而是创作者究竟有没有造梦的野心，以及讲好故事的耐心。《白蛇》无疑是成功的，画面帧帧质感，动作高度拟人，情节紧凑转合，完全不给人机会跑神。每个人物都有吸睛点，故事走向有几处想要往经典剧版靠又巧妙弹开作新。蒲公英的告白和魂飞魄散生死劫，又动情又泪目。看完走出影院，我有那么一瞬间的恍然，为一人心，伏地为妖，谈情说爱，真好呀！
亵渎电影,2019-01-16,较差,2,171,就这质量，不就是Netflix的网大水准吗？各种一锅乱炖的致敬元素让它有着浓浓的大数据感，工业水准很不错，但故事却又空洞无物。相比去年《风语咒》，它的优点是剧作上没有方向性的错误，缺点是故事的层次感太弱，导演处理动作戏的能力也是野心很大，能力很差。两位导演还那么想拍动作戏，结果处理动作戏的能力跟隔壁《大黄蜂》的导演似的，只会一刀斩，感觉导演更适合去拍《一拳超人》。就像酷炫屌炸天的纸片人和那群奇形怪状的小妖精，就是撑场面的活道具？至于这个中学生网文感的一见钟情约炮故事，和白蛇、许宣这样的棒槌人物，你不能仗着有《新白娘子传奇》和徐克的《青蛇》之类的影视剧作品，就可以在人物塑造上这么偷工减料。这么一个故事，换成动画，紧随当下的网红脸审美潮流，把人物造型做成大型网游，再老调重弹一遍就那么有意思？
大奇特(Grinch),2019-01-08,未打星,-1,167,新新白娘子前传，前面用一首《缘起》给船夫的《渡情》除旧立新，表明了创新的意图。然而新编的故事却很薄弱，感情突兀，转折生硬，国师领便当及师父的转变都很唐突，结尾又是那套比大更大的现原形对战模式。大概只有最后一分钟回归青城山下白素贞时比较好看。
红色条格衫,2019-01-11,推荐,4,230,动画设计在目前国漫里还是相当不错了，有些场景甚至有大气滂沱之感，让人惊艳了，而且音乐也贼好听，难得了！
Mr. Infamous,2019-01-08,推荐,4,211,世所不容这四个字，降到殊途同归者身上，格外凄绝又格外悲壮。白蛇委身的男人，这回多了一份灯蛾扑火的奋勇，也多了一份拨云见月的智慧。就像是杨过与小龙女，不仅是改写了世俗的不公，而且是赢取了彼此的平等。所以见惯两腿恶人后的许宣，能说多一条尾巴又怎样，所以感受过大爱无疆的小白，也能说弃掉千年修行又如何。浮生掠过，还是只记那点温存，无论几世何年，尚有断桥在。这样旧瓶新酒的故事，追光从画面与质感上都展现得太惊艳。再打磨下，大有可期。
海角七号,2019-01-13,较差,2,163,八分是认真的么？？逻辑不通，剧情老套，感情空洞……还有，能不能给女性角色穿条裤子换掉鞋拖！
kakakarl,2019-01-08,推荐,4,214,蛇能有多冷血，睡完许宣马上就说恩断义绝再也不见！纯正的中国风，掺杂着水墨和写意，阴阳五行奇门遁甲，形象和技术还是一如既往地好，在大银幕看见国产动画的吻戏和床戏，虽然故事里还是有不足，但是拍前史比翻拍正统《白蛇传》靠谱，最后还有一些点到即止的致敬，2D上映，也没用3D骗钱，是追光动画最好的一次！
贡丸猩猩,2019-01-08,较差,2,140,披着白蛇设定的打怪片，最后还要强扭到正传。小时候看白娘子传奇，白蛇是一个智慧，勇气，敢于反抗传统的充满魅力的女性角色；但9012年了，白蛇却变为一个完全被动的被拯救的女性角色，可悲哦…
极圈里的燕鱼,2019-01-06,推荐,4,188,既然是成人向作品，剧情也不该这么简单幼稚。还有什么轮回转世得道修仙这些廉价的页游网文不离口的台词极大弱化了视觉营造出的史诗感。画面质感和人物动作在细腻和生硬之间不时切换。不过法术过招的视觉特效真的很赞，尤其是国师布阵大战众妖的戏份，很过瘾，很有想象力，也很有视觉冲击力，甚至让我想到《最后的守护者》中对于艾格文屠魔的描写。在这个廉价3D横行影院的年代，很纳闷为什么有些理应强化震撼力的作品却选择2D，就冲打斗场面的视觉特效，我觉得去看不亏。
朝阳区陆依萍,2019-01-15,较差,2,116,哈哈，约P就约P，约出感情那可还行...
Jorrow,2019-01-08,较差,2,113,国产动画里的超级大片，可惜电影基本也只有白花花的大腿，万万没想到国产动画成人化到都有云雨部分了。技术跟故事始终此长彼短，情节的转变甚至人物的出场非常仓促突然。
团小纸,2019-01-11,还行,3,135,追光的技术已经很好了，就差一个好编剧……
空灵赌徒,2019-01-03,很差,1,114,诶哟 当看到四足三头鸟出现我就对本片毫无期待了 这个审美呀 真的是 花花绿绿的特效 实在太浮夸了 最后什么乱七八糟的渲染气氛 看的头疼
Oracle,2019-01-10,还行,3,126,片尾曲响起之前，我从未想过这首旋律如此熟悉的歌曲可以有如此力挽狂澜的功效
珠珠侠,2019-01-03,推荐,4,118,故事讲述了白蛇在西湖断桥与许仙一见钟情的前世因缘。动画风格唯美浪漫，有黑白的水墨画风格，又有奇特诡异的妖魔风格。作为动画片的标配，片中的小狗狗给本片带来了很多欢声笑语。本片集爱情与魔幻为一体，颇有徐老怪版狄仁杰以及倩女幽魂的神韵。
如墨画卷,2019-01-05,力荐,5,144,唯美的风格、黑白水墨风的影像、浪漫的故事，将白蛇与许仙的美好爱情得以近乎完美的诠释；影片以人与妖如何共存为核心，以善恶的命题为起始点，以此来诠释许仙与白蛇之间的前世姻缘。与此同时，片中关于五行与古乐的“描写”，更是将“前世今生”这个命题描绘的淋漓尽致。
不良生,2019-01-12,还行,3,76,我决定再去看十遍《新白娘子传奇》。
武侠小王子,2019-01-12,推荐,4,118,我想拜那位蒙面小道士为师，不知道有什么渠道吗？
猛汉世雄,2019-01-13,还行,3,85,各方面来说都好土啊，我国动画电影的特色，土
齐雨,2019-01-08,推荐,4,107,一时欢情，我记了五百年。知道为什么吗？因为和一切永恒相比，转瞬即逝的永远最美好。
掉线,2019-01-17,还行,3,66,【C+】徐克+仙剑奇侠传，电影不差，但国漫崛起了吗？没有的。经过数年，国产动画已基本解决态度差，制作糙，取向价值低幼等问题。真正摆在他们面前的桎梏，是“写出属于动画的剧本”，而不是讲一个用真人形式也能拍摄的故事。动画的意义不是给剧作潦草遮羞，而是为了去展现想象力与现实世界无法实现的东西，等华语动画人能普遍有这层意识，国产动画才真正有赶日超美的可能。
冰镇西瓜橘子水,2019-01-09,推荐,4,102,和风语咒一样的毛病 结尾大战缺经费匆匆结束 但是风景很美 中间一段青白二蛇斗小道士的打斗很惊艳 还有白娘子也太美了 全程看脸 四星鼓励
宇航员,2019-01-11,力荐,5,130,同为动漫行业工作者，点映的人不多，个人观影可能更多关注了技术层面，我觉得做的很好，瑕疵肯定是有的，不过整体瑕不掩瑜。画面唯美，国风浓郁，配乐剧情合格，多一些鼓励，希望可以越做越好，我在思考动漫对于除开行业内和热爱者的观众的接受度和观影时侧重点的不同。
废铁城的小月亮,2019-01-10,推荐,4,82,居然是和华纳合拍，制作中方为主，很惊喜！王总放弃搞创作之后，追光原本就很厉害的技术助力整片水平腾飞，从小门神开始的粒子旋转大法到这一部已经用到了出神入化的地步2333唯一希望更进一步的就是完全原创能达到这次的水准吧～最后，两口子谈恋爱的时候请多关爱一下旁边的单身狗，不然ta下辈子可能会变成你们的姐夫……（姐姐做错了什么！）推荐观影，期待追光的下一部作品～
Panda的阴影,2019-01-08,还行,3,46,还想着追光和华纳合拍，兴许能改良《小门神》《阿唐奇遇》《猫与桃花源》诸如「人物台词嘴型对不上、动作力度有欠缺、形象设计欠佳（大部分蛇妖真是欣赏无力）……」等问题，结果老毛病一如既往地延续下来，我也是醉了。当然可圈可点的背景制作也得到传承（部分蛮有中国风的空镜挺美轮美奂的）。至于故事，这个追光动画的短板，真是一而再再而三地不满意。每次都3.5星鼓励，结果至今都没质的改善。
丸秋,2019-01-10,还行,3,68,宝青坊好评，狐妖太酷了。整个剧本都欠打磨，转合没一个不生硬的，狗可能是从《花木兰》小龙那里照搬过来的。许宣有屌癌，自大狂。
叶随霓,2019-01-09,很差,1,44,身体和五官比例严重失调，因为是妖怪，所以不会捏脸么？光是看图就吓死了，都不敢看剧情了。
Sherlock,2019-01-04,推荐,4,60,很惊喜！观影过程中一直在默默计算，关于剧情的设计都经得起检验，关于想象力也有足够的展现。缺点大概是：价值的变化不够详细，人与妖的感情应该冲破些什么、牺牲掉什么，人与妖能否、如何和谐共存；一些人和物件的设定不够详细，玉钗的功能应该细化一点，男主中的蝙蝠，会说话的狗和地下的符文等应该承受更多的功能；还有就是关于中国风的老问题，但已经无需苛求太多。最后的大战的缘起逻辑有点弱，但三层的节奏都非常精彩——在很多商业片里都没见到。现在能做出给人留下印象的人物的不多，而本片却产出了人气角色：坊主的香艳，真是非同一般。
末路狂花。,2019-01-11,还行,3,46,画面还行，剧情以及人物塑造差强人意，没什么打动人心的情节和细节，如果不是贴了个国产动画的标签，平庸得让人过目就忘。
LOD,2019-01-11,推荐,4,61,画面非常棒，人设也很喜欢，女主很漂亮，结尾桥上回眸最惊艳，肚兜这个单身狗也很有意思，最有特色的还是宝青坊的狐妖，诡异的萌感，激情床戏我个人觉得是很唯美啦。中间两条蛇和小道士的打戏其实比后期大蛇那段更精彩，看的更爽，音乐也是很棒的，还勾起经典回忆，周深的那首也很好听，之前听到才决定去看的。说说缺陷，男主完美的像个神，抗揍痴情懂得多，可惜长得不够苏，转世成许仙还顺眼一丢丢；反派太单薄太弱了，设定感觉也讲的不是很清楚，还有那个钗的具体作用也迷迷糊糊的，是连带魂魄记忆一起封印了？
mua,2019-01-11,较差,2,58,友情提醒，女生不要和自己的女性朋友去看。
恶魔的步调,2019-01-11,推荐,4,33,灭霸，你是不是窜场了啊？
再见列宁,2019-01-14,较差,2,48,感觉前一大半就是“咱们随便拍拍就好结尾震他们一下”，背靠知晓度如此之高的底本，前传的设定也给了足够的空间，你就拍了这？？？无限想念并期待《大护法2》
MrZhai,2019-01-12,还行,3,56,讲真，制作人是不是腿控？恋足癖？
天堂电影院,2019-01-11,力荐,5,57,视觉盛宴，惊为天人啊，这才是国漫啊，一直在进步的国漫啊，给100颗星都不足以表达对国漫雄起的激动，追光人加油啊！
范克里夫大尉,2019-01-13,力荐,5,32,真心好看到炸裂，完全没尿点，斗法的场面牛逼疯了。希望多给排片啊……另外片尾彩蛋别错过，很重要。（求出老妖和狐狸精的手办啊）
阿伦和饭师傅,2019-01-03,推荐,4,51,虽然桥段俗套，但挺好看。 挺标准的商业片。
萍水相逢,2019-01-11,还行,3,45,光天化日就这么来了？上一秒刚上床下一秒就翻脸？画面是真美，就是人物表情眼神跟傀儡一样空洞
Leediudiu,2019-01-13,力荐,5,50,结尾大战稍微有点崩，但是不影响热泪盈眶加5分啊，结尾曲旋律想起来的时候，我这个80后大叔又泪目了
星野流魂,2019-01-09,力荐,5,55,这个结尾真的漂亮，轮回的故事总是那么富有情感的张力
二火山,2019-01-09,还行,3,41,【两星半】追光的技术依旧是目前国内三维动画里顶尖的，这次讲故事的水平从小学提升到了初中，节奏上相对顺畅了不少，文本却选择了地摊散文体，最关键的人物转变和感情递进，基本没一处能做到位，用动作场面强撑，结尾大战也看不到什么惊喜，都是徐克的影子。直到最后「新白」里那首「前世今生」的前奏响起，才被瞬间感动，可这跟你电影没关系啊，是人左宏元的功劳。虽没像「风语咒」那样为我所用得过分，也有很明显对「天龙八部」和「泰坦尼克号」的临摹（还有点「毒液」的痕迹）。中间那段脱衣露背云雨之事带给观众的尴尬，恰恰暴露了追光核心团队对成人向理解的肤浅，还以为大众的审美停留在93年看「新白娘子传奇」的年代吗？
Pronoia,2019-01-12,较差,2,26,我略蠢 我佩服我自己
萨库拉,2019-01-14,推荐,4,24,除了男主很像林更新女主很像杨颖，其他都超出预期。万万没想到是谍影重重加倩女幽魂加千与千寻再加仙剑，对《新白》也很聪明地致了敬，最后断桥上《前世今生》响起时简直哭出来。就是对少年之爱无法免疫。
次等水货,2019-01-11,还行,3,32,不如预期，开场几句对话、一个道具、男主的名字第一次被叫起就能猜到结局的样貌了。结局在一开场就被参透也没啥，那看过程好了，却明显能感到这个故事开发的痕迹，仿佛创作者们凑在一起头脑风暴一番，说要有这个要有那个，然后由编剧串起来填充一下台词，完了就开始制作，结果却让人感觉这个故事散发不出活力。且它没有大的世界观，很多桥段都有别人的影子，应该是从《哈利·波特》、《天龙八部》、《青蛇》等作品中汲取过营养。
肖恩恩恩恩肖,2019-01-14,推荐,4,19,确实超出预期了。虽然问题还是不少，比如结尾煽情太刻意，足足让主角哭了五分钟。白蛇的配音太做作，明明御姐人设，却很爱哼哼唧唧。但是故事讲这么顺实在难得，加上头一次在电影院看到动画角色的床戏真是震撼。一句话：女主角长得像杨超越的动画片运气不会太差。
汪金卫,2019-01-14,较差,2,30,动画技术方面，场景空间模型非常精致，水火效果和动物道具模型也都不错。相比之下人物角色建模就太差了，男女主造型和十几年前的国产游戏CG动画相当。尤其是毫无肉感的皮肤、面瘫表情脸与轻飘飘的重量质感，导致动作戏也显得略假，让人很出戏。距离外国动画团队差距还很大。剧情方面也较薄弱，架空历史讲玄幻，宝青坊主设定太奇怪。不是增加一场露背床戏就是成人向了。两星半
谢谢你们的鱼,2019-01-11,推荐,4,37,“人间多的是长着两条腿的恶人，长条尾巴怎么了。”真的是没有白喜欢追光之前的作品，在修补了之前的很多的创作缺陷之后，我还是第一次看到一部把画面美学和故事美感结合得如此出色的国产动画，而且还真的是实打实的成人动画，小白真的是性感，吼吼吼～当然，故事不像《白蛇传》，倒是更像是失忆版的《倩女幽魂》。
高等游民阿朽,2019-01-08,还行,3,22,看的点映，画面算是比之前追光动画有了明显提高，但是故事可真是一如既往无趣了。继续鼓励，期待再进步。
路易思,2019-01-16,力荐,5,23,白蛇这是赤裸裸的骗炮……
思路乐,2019-01-12,还行,3,22,我算是明白国漫现在到底尴尬在哪儿了，就是他们糟糕的市场定位。作为一部动画电影无论如何首选受众目标肯定是儿童，但本片的主题“爱情”却并不是那么令人好接受，况且主创还加入了不少恶趣味和少儿不宜画面，这就导致本片不是那么能让孩子在电影院看的高兴。另一方面，故事上由于时长所限，导致叙事节奏太快，有很多人物性格的转变实在太难以令人信服，这就造成了一种电影与观众的隔阂感，这也让电影无法有足够的吸引力去让成年观众买票。这样“高不成低不就”的尴尬定位导致本片很难在商业上获得成功。唉，没办法，国漫目前还是只能缓慢的螺旋上升发展。
哪吒男,2019-01-19,较差,2,15,还是中美合作道行深，《大护法》可不敢骂“共享共有”，就差骂共X了。
OCT IO≯,2019-01-12,推荐,4,36,追光已经达到了故事能'想到'，技术能'做到'的程度，这些年的积淀以及持之不懈的尝试终究没有错付！不单单只是贩卖情怀，而是有一个足够真诚且动人的故事！致敬的段落不发尬，点到为止恰到好处算是惊喜…打斗戏的镜头调度和橘子社有一拼，但人物情感刻画和面部细节的处理还有很大的提升空间，黑屏切够多够硬，情节的推进和转折亟待编排优化，瑕不掩瑜、希望这些问题能在续集中能得到改善（学日漫乱加杀必死的毛病也得改！）……国产动画不易，总的来说达到并超出预期，起码甩出之前号称国漫之光的“三大”（《大鱼》《大圣》《大法》）一大截……多半星鼓励之！
甘豆腐,2019-01-12,推荐,4,45,"看之前：预告片演的都是啥玩意儿啊！追光到底想不想在圈内混啦净瞎几把乱改！人物怎么这么丑啊！不看不看！


看之后：真香。。。"
元宵,2019-01-15,很差,1,18,打着《新白娘子传奇》IP蹭热度的作品太多了，这个其中算一个，没有官方授权
寒枝雀静,2019-01-19,还行,3,9,D / 剧作其实一直缺少一个足够有内聚力的主轴，导致文本上种族、爱情、生死、记忆等等都有种穿插乱飞的混杂感，缺少主题上的纵深递进。情感线的律动也因为奇观展示的需求被遮蔽掉不少。当然最大的bug还是一个女性叙述的回忆却暴露出过度男性向的趋势，所谓成人动画大概还是偷换了性别主语的成人。尽管整体依然保守且有大量显而易见的缺点，却能被细节上的恶趣味娱乐到。各色设定虽然简单直白却处处透露出“好邪恶好强大”的气息，在审查限制之内留出了颇为魔幻的臆想空间。国漫横向比较而言个人还是更喜欢《大鱼海棠》。
又又,2019-01-12,力荐,5,35,真好看啊啊啊啊，画风像仙剑，视觉像徐克，故事也很棒！好喜欢狐狸精哦，许仙也终于不再是文弱书生了。小青青好可怜哦沦为炮灰…好久没被这么俗套的爱情故事感动了…
无耻不混蛋,2019-01-12,还行,3,7,融合了动作、奇幻元素，让许仙与白娘子的传奇爱情，变成了动作奇幻大片。并融合了传统的中国特有的水墨动画晕染效果，总的来说，还是值得鼓励。
平成御宅,2019-01-17,推荐,4,11,肚兜是小白和阿宣的灯泡，阿宣是小白和小青的第三者。
连子glu,2019-01-14,力荐,5,28,这是我人生中第一个二刷的电影，喜欢的不得了
噜噜123,2019-01-14,还行,3,28,"剧情太莫名其妙了
小白和阿宣莫名其妙就上床了，上完床小白莫名其妙就要六亲不认离开阿宣，小白莫名其妙就要去屠村，师傅莫名其妙就要吸干所有徒弟的精元……"
Neroat,2019-01-22,推荐,4,8,制作非常精良，分镜很不错。剧情略微差一点，部分剧情突兀又狗血，结尾结得很漂亮。男主建模普通了点，还不如那个gay gay的道士，不过最后许仙能不能够剃掉下巴的胡子啊，设定是个年轻书生诶！感觉会有第二部。三星半，加半星以资鼓励。
書衣偵探華斯比,2019-01-16,力荐,5,6,今生情尽空悲切，来世再续未了缘。
茶底世界,2019-01-11,推荐,4,42,对于国漫，我一向都是不吝赞赏的，加油鼓劲并指出问题永远比单纯的谩骂有用，画面一流水准，制作精良，故事层面有所进步，致敬了不少经典，比起前三部来说算是不小的进步了，可是急于摆脱低幼的帽子又陷入了另一个怪圈，有些画面过于成人向，但故事并不成人向，应该来说是青少年向，还需要再加油，最后，祝收回成本，这一部成本看起来就很高昂，以我的了解，最少八千万吧（保守估计，希望比这低），追光坚持下去，记住你们的梦想，你们是要做中国皮克斯的公司，加油，加油。
zeroasd123,2019-01-11,推荐,4,28,国产3D动画的技术力，美术背景的渲染以及人物建模全都让人赏心悦目。导演真实腿控，各种大白腿，尤其是初见狐狸精老板娘那里极为惊艳。剧本上还真没怎么拖后腿，起承转合除了后面有点赶没啥毛病，但不得不说动画题材还是占了点便宜，可是近十年来大陆最好看的白娘子故事片居然是这个，那之前各种真人影视剧也有些丢脸吧。虽然是故事新编，但是将“爱”这个主题展现的还真不错，最后那幕我真的有点被感动了....
桃桃淘电影,2019-01-22,还行,3,8,以追光自己作品的角度，终于确实有提升，起码找对了方向，不再弄那些土洋结合，小孩子乱蹦的东西了。剩下的，就是更加丰富自己的故事了。
陆支羽,2019-01-12,还行,3,6,3.5。
森夏,2019-01-03,还行,3,27,画面和动作不错啦，有钱投资，追光动画就不能选个好本子么🤣，太网络文学了！很俗套，上来就失忆梗，人物情感进展突兀，整个故事太简单，很低智，一言不合就开打。人物没意思，台词太生硬。没什么新意，能看到很多同类作品的影子。最后一战蛇的形象想到了《龙之战》，但好得多打一会儿啊，危情紧张都没达到最高。此外剧情上还有好多瑕疵。还有不知道是不是甄嬛传留下来的坏毛病，现在古装剧的人都不好好讲话了，当然这个可能是我个人趣味。但最令我惊讶的是，这是部偏成人带色情化的动画电影。不是说情色低级，是处理的太低级，看的我鸡皮疙瘩直掉，不觉得美。床戏太突兀了，好尴尬。小青小白打廉价的姬情擦边球。
字母君,2019-01-08,推荐,4,17,"四星鼓励追光现在走的“徐克模仿秀”路线，结尾西湖竟把我感动出两滴老阿姨的眼泪。宝青坊像低配恶趣味版宫崎骏，打道士那场戏则脱胎自《龙门飞甲》客栈大战雨化田，纸人金鹤也像极了徐克会弄出来的东西，感觉是徐老怪拍了部仙剑。要是以后这种场面能再多点，追光把剧本写啥样我都认了。
许宣角色足够讨喜（但怕蛇的设定一半丢了），其他角色则全线写崩。动作设计比较浮夸（幸好连浮夸也是徐克那卦），剧本段落衔接仍然有问题：情感升温只建立在身体接触的基础上，一摸钟情，一啪定终生，好在不太致命。外观不那么低幼了，但内核还是天真的，不至于矫枉过正，大概这就是我一直对追光有好感的原因吧。
蛇怪的造型MH既视感太强，决战完全是白海龙和蛇帝龙打起来了啊，下意识想躲陨石、找补给箱……最后的法阵也像麻痹陷阱，国师其实是猎人村出身的吧？"
zitsunari,2019-01-19,还行,3,7,「共享共有，万流归元」这个口号的隐喻太明显了，前半句是表，后半句是里，影射的是级拳的实质，所以妖妇和道士之争，实际也就是xxx和xxx之争，无非妖在野而人掌拳，道士剿蛇固然残忍，当妖妇击败了道士，所作所为有过之而无不及。
于非,2019-01-15,很差,1,23,这么经典的神话故事就不能好好写前传吗？还吸星大法？就不能好好奋斗、踏踏实实修炼吗？还有小青，是怎么从形神俱灭阵中出来的？少有的几幕水墨画运用的不好，很突兀跟整体画风差别太大，像是穿越到另一部片子。配音配乐太嫩，渔舟合唱简直尴尬死。
Howe,2019-01-05,还行,3,21,似乎想讲很多东西但每一样又都没讲好，节奏有些乱，感情也有的生硬，很多台词显得又装逼又多余。国师突然领盒饭，蛇妖头目突然又反转让人有的摸不着头脑。另外，香艳的元素有点过头，轮回转世等封建迷信元素也不可取。
河狸,2019-01-15,推荐,4,8,相比追光的前三部影片，本片在剧情和技术上并没有多少提高。不过因为成人向题材和大场面的缘故，所以豆瓣评分比前三部要高。
what'swilliam,2019-01-13,还行,3,6,3星半。水墨风果然还是国漫最华丽且难以复制的法宝。电影致敬了拍此题材无法绕过的两座大山《新白娘子传奇》和《青蛇》，尤其《青城山下白素贞》的旋律响起时，全场哼唱无人离场，有点感人。按理说动漫更容易塑造外型美到极致的形象，可本片中的女主形象总是让我分分钟感慨还是赵雅芝和王祖贤美，女主神似范文芳，男主像胡歌or佟梦实，小青gay里gay气的。斗法场面足够绚丽。剧本问题不小，“许仙”化身活力少年郎的想法很好，但总给人一种“色字当头的青春期少年看人家姑娘好看就一直跟着”之感，他一个捕蛇人怎么懂那么多的？猝不及防就床戏，还特么在佛塔里？猝不及防蛇王人设崩塌，男女主刚认识就谈理想，反派智商堪比草履虫。估计经费有限部分反派配角形象非常“网游”。很想去帮这部电影改改剧本。
tankry,2019-01-15,还行,3,4,看完之后还蛮开心，在比较有限的时间内呈现了一系列奇幻场景，且基本自洽，动作设计非常饱满，显然是有很扎实的技术功底的。虽然在文本上没什么野心，但也能明显看到对青蛇中人物关系的致敬与解构，白蛇青蛇共浴的镜头设计完全复刻王祖贤张曼玉，真是惊喜。片尾断桥重见也非常心动，我还是很爱宝石山的。
瑞波恩,2019-01-17,推荐,4,8,算是这几年国漫的用心之作，画面五星，造型和场面四星，故事三星，煽情部分扣一星，总之看国漫与日漫或美漫的标准不一样，因为国漫充其量只是个幼稚的孩子在学习走路，本片揉杂了迪士尼《小美人鱼》与吉卜力《千与千寻》，生搬硬套的嫌疑不小，但成效整体超预期，有惊喜，也有遗憾，老套的煽情，片尾的《新白娘子传奇》音乐又莫名其妙，而从彩蛋看来还会有《白蛇：后传》，野心不小，最后成佛或成魔，可以期待一二。
人五,2019-01-16,推荐,4,9,是好看的，看哭了。
深夜声咽,2019-01-14,推荐,4,11,中午场，没想到还挺多人的，只是我又迟到了，四十分钟手动捂脸表情，从师父说师父说什么进场，几乎错过一半了，罪过罪过，感觉自己近来越来越不尊重电影了对不起！不过片子感觉真不错(加深愧疚感)，没有错过洞穴吻戏船戏斗法，肉感做得不错，小白.腰..侧乳…不错不错看得蛮羞耻的喜欢…如果有续集：缘灭，一定好好继续支持走起。那只汪哈哈哈可爱，小青有点小失控，男猪最会找生门，生门一说指阴道。今晚我必须恢复跑步了。
海哈哈,2019-01-12,还行,3,6,"人生在世，苦多乐少，所以要记住经历过的美好。或许就是因为先有了这句话，才有了这个故事，可也正是因为太想要表达这个主旨，导致故事很假，人为雕琢的痕迹极强。前五分钟，画风精美，水墨画融合山水，让人一下子沉浸在故事里，可是随着倒叙剧情的开始，故事就开始走偏，为了剧情的矛盾冲突，导致人物情感极其淡薄，以至于两人在塔内相拥入眠，显得极其突兀。中间往后的剧情，可以看到太多片子的影子，赵灵儿和李逍遥，锁妖塔，兑换宝物，倩女幽魂等等，让人出戏的同时，也明白创作者想表达的想法，但就是会太刻意。即便如此，看到这部片子，还是会觉得国漫依旧在进步，需要类似的推陈出新，鼓励。"
蒜 | BOY A✎,2019-01-15,还行,3,17,都被《新白娘子传奇》的BGM感动了，还不如多看两遍《新白娘子传奇》，大家对国产动画真是太宽容了，对纯爱故事太向往了，用近两年最贵的一张电影票支持国产动画，尽力了
第七大陸,2019-01-13,还行,3,14,青蛇+奇门遁甲+仙剑奇侠传。几处细节禁不住推敲，水墨风也只是昙花一现，最恐怖的莫过于国师要练到飞升却目的还是赢回皇帝的宠爱。最喜欢宝青坊的戏。
发条橙,2019-01-11,还行,3,9,华纳注资，中美合拍，助力追光动画文体两开花，安排！美轮美奂，颇具匠心的视觉效果，并将传统的好莱坞叙事模式成功嫁接到中国民间耳熟能详的奇幻故事中。虽有瑕疵，但至少能看出其努力的方向，不论立意还是制作，都算是追光动画的顶峰水平了。按这个路子继续拍下去，还可以在破产的边缘挣扎一翻，继续加油哦，国漫之光？！
荔枝超人,2019-01-15,较差,2,25,这是小白还是小倩？？（甚至有不少元素跟动画版《小倩》是雷同的）编导大概是抓到了几个teenager观众会喜欢的点，其余就东搬西凑也没所谓了，大段大段的打戏和莫名其妙的“动人爱情”实在太儿嬉。PS谢谢你们没有做成3D发行。
苏大,2019-01-20,较差,2,14,新酒装旧瓶，剧情过于简单了，实在是不敢恭维。除此之外，男主和胡歌明明就是一个模子里刻出来的，非说是令狐冲，这种像某人又不能是某人的擦边球把观众当弱智的把戏什么时候能够停止。国漫雄起，国漫雄起，从大圣归来就开始喊的口号到现在还没雄起，利用爱国情怀卖票，不敢苟同。
又春总猜,2019-01-17,还行,3,12,说实话真的觉得很一般
山下河里美,2019-01-14,力荐,5,10,重标，4.5星改5星，个人年度十佳不解释，想象力瑰丽如梦，简单整理比较有意思的几个改编点/片段：1、反派佛教变道教，太阴真君的招魂幡、千纸鹤、修罗法阵、面纱拂面的毁容弟子；2、宝青坊狐妖千年身体少女面孔，烟斗印章宝青制造，细节感人。3、一身软胄的青蛇盘身佛像掌中拈发带笑，还魂张曼玉《青蛇》。4、片尾彩蛋一定要看，期待续集。
张隐,2019-01-13,还行,3,11,可以让形象设计总监少看点网红视频，锥子脸大长腿的看多了没啥好处。
徐若风,2019-01-19,推荐,4,5,"在追光上一部《猫与桃花源》后，我曾说“事不过三，与它决裂”，所以这部拖了那么久才去看。但令人颇感意外的是，它几乎是我认知范围内，登上院线的国产商业主流三维动画里的最佳作品，是真正的行业顶尖，甚至放在国内都已经不具备可比性。如果说《大圣归来》之流算“分水岭”，那么这部简直就是一步极大的飞跃。
从模仿徐克的改编思路出发，这部电影不仅是一个紧凑、有趣的故事，善恶观模糊中又带着笃定的人物塑造，最厉害的是呈现了精致之余、非常扎实的美术世界里的奇幻唐朝，尤其是在“修葺木塔”这一建筑物的细节还原、宝青坊的奇观展示这两块，完全是教科书级别。可惜，情感线索的铺垫不够充分。"
冬不贰,2019-01-13,还行,3,14,这么好的技术，就不能好好打磨一下剧本？
子午寅丑,2018-12-27,较差,2,12,《新白娘子传奇》+《青蛇》+张纪中版《神雕侠侣》+《狄仁杰》+《画江湖不良人》+《仙剑》……一次“致敬”这么多作品，导演可真不容易
朽木立夏黑猫酱,2019-01-12,推荐,4,17,事实证明无论什么版本的白蛇传，男主永远不顶事，这一版的人设更是一言难尽，成了一个行为逻辑判断力都欠费的莽夫，小青则传承了《青蛇》里善妒的小性子。许宣很胡歌，小白很鞠婧祎，道长很陈坤。各种场景时常唤起我对经典华语古装电影的记忆，蛇族首领一秒钟出戏到《倩女幽魂》，国师团队则出戏到“东厂”。可能是追光动画场面最恢弘制作最精良考究的作品，也能感受到尽力在去贴合成年观众的观影槽点和趣味，导演就像里面的角色一样，非常的撩。可惜剧情其实乏善可陈，后半段努力在让矛盾与冲突变得复杂曲折并凄美感人，然而还是落入窠臼。回到杭州那一瞬感到我国景色真美。人设的脸部美漫CG感太强烈，且男主表情空洞无神得可怕。这部电影可以让非直女观众对男主吐槽很久。
Vision Rich,2019-01-13,力荐,5,17,应该是今年最好的国产动画电影啦！制作精良，选题巧妙，音乐 美术 布景 人设 都很好，最后还玩一波情怀加分，美中不足的是人物表情不够生动，情节简单，转折略带生硬等等，但瑕不掩瑜～如果有人想看可以陪ta二刷哦～
蕭肅川,2019-01-11,较差,2,21,差强人意，逻辑都给奇观让路了，宝青坊和大决战的视效是有亮点，但是作为爱情故事是不合格的。一月院线虽有些乏力，不过想达到当初《大圣归来》的影响力应该很难。
梦里诗书,2019-01-10,还行,3,12,追光动画在国产动画的高品口碑并没有衰落，《白蛇：缘起》在视觉上有着一如既往的细腻唯美，但面对一个其实本就拥有国人皆知为奠基的蓝本原型，其仍旧还是没能一改自身剧情上的弱势，那薄弱的剧情，以及脸谱化的人物，都使电影虽然为一个老旧的经典焕发以新机，但却难谈多少惊艳可言。
诸葛若见,2019-01-16,推荐,4,2,前世延续今生，愿纠缠。为伊变成妖怪，又何妨。水墨画风精致，如乐章。作为白蛇前传，故事还算精彩，虽还有小缺陷，但总算比追光前几作动画剧本好多了。狐狸那段剧情最有趣。构图有张力，细节很讲究。小白有点像花木兰，许宣造型神似仙剑胡歌。部分情节致敬《青蛇》和《新白娘子传奇》。
陈少侠,2019-01-12,力荐,5,21,三度落泪，十分好评。好久没看到这种催泪电影了，尽管前面节奏稍快但瑕不掩瑜。把情爱与历史结合，讽刺了政治和社会，增加了整部片子的厚重感。适合在电影院里看的片子，画面无可挑剔。许宣对小白说，无论何时，有我在。看到这一段的时候，我内心汹涌，多么想对某个人也这样说，无论何时，有我在。
半江瑟瑟,2019-01-13,力荐,5,38,"看前：迪士尼脸
看后：目不暇接的动作和反转，特别是宝青坊真有想象力，好像汉代画像石，真香。"
大瘦瘦,2019-01-19,还行,3,3,话说五百年前，圣上求长生，神仙们打架，国师谋私利，苛捐杂税，民不聊生，底层互害，同性情谊难以维系，爱情也因身份而无法善终，我不要下辈子成精，我要现在就不做人了，但即便我做不成人、变成妖怪你们也都不放过我，区区草民唯有一死望投胎能经历个美好的时代
无非🏳️🌈,2019-01-12,推荐,4,9,除了脸有点僵之外画面一流，美轮美奂；故事杂糅了白蛇传仙剑奇侠和屌丝白富美类爱情故事以及玄幻武侠。白蛇和男主角滚完床单就要和他断绝关系，说人妖殊途，给人感觉是他床上活不太行哎；狐妖暗示取元神时候也要顺便阉割下体，后排的女生惊呼了一声What the fuck！笑点基本来自宠物狗。以上。
zts,2019-01-11,推荐,4,16,可能是国产动画在工业制作上达成的新高度，东方神话还是本土的创作者更难把握其精神内核，故事上把白蛇传改编的比较成人向，BE也在意料之中；追光动画一连几部电影下来几乎都在亏也是挺心疼的，希望这次票房能好一点吧
皮蛋瘦肉粥,2019-01-03,还行,3,20,有国风有蛟龙，却少了一份厚重；有情也有欲，唯独没了一个真字。百年的道法、千年的爱恋化作水墨，化作断桥的一滴雨落在青簪上。说到头，反最喜欢那只撩人的双面小狐狸，勾足软语间数不尽的风情。
文,2019-01-11,较差,2,11,两分给视觉效果 故事核0分
羽小凉,2019-01-08,力荐,5,23,小门神我都打了四星啊，这我得打满星。虽然尬点也有，但是作为2019开年的国产（虽然还有华纳，但我就说国产怎么着），我觉得挺好的，场景非常美，随便截屏就很好看，人物细节表情到位，除了男猪长得有点磕碜（。）剧情简单之外还是有很多可取之处的~特别是青白，MD我真是嗑死了这对CP，太有感觉了，成人向动画，带娃慎重。
英年早睡,2019-01-11,较差,2,19,除了战斗场面的分镜与人物动作的捕捉做得十分好之外，基本上都是随便拿起来可以吐槽的。人物面部像打了玻尿酸苹果肌的杨天宝一样，所以就是动作很真人，整体上来就是一股违和感的假。还有一种大家已知的生物——蛇，怎么把它改成猫科动物了？摆出震慑状就靠吼？蛇是吼的吗天啊！剧情就更是槽点一箩箩，失忆就算了，为什么恢复记忆是因为看到一个跟自己毫无关系碑文？你要抛出仙剑赵灵儿的命题（妖是天生就注定要被消灭吗？）就算了，为什么立了命题接上的是滚床单？第一次使用会飞的伞就已经操作自如？一支发簪能支撑一个人的重量？被吸光法力的小青是如何逃离最后那个阵的？打完boss才清小怪这个逆操作我也是服！篇幅有限不一一尽数，整体来说，这是一部不合格的电影。
为虾米呀,2019-01-11,还行,3,9,美国负责技术，中国负责奇门遁甲飞仙道升？  故事搓了点，但最后的巨大“彩蛋”有点酷 
北海道 花系,2019-01-16,还行,3,5,能看到制作组的诚意，但是如果说是“国漫之光”，那还是言过其实。女主建模明显的网红脸，蛇精脸（锥子脸），审美疲劳，但是毕竟她确实是一只蛇精，好像也没什么问题。男主角有点像胡歌。风景不错，剧情一般，成人向动画，新白娘子传奇前传，转折有些突兀。
Acid,2019-01-21,较差,2,5,这个剧本我给-1星，场景给3星，不过为什么这样的烂片在豆瓣评分能到8，各种强拉硬扯的凑剧情和莫名其妙的自我高潮以及自以为是cue到了的流行梗。还有国产动漫有个特点就是路人角色绘制的都非常丑，不管主角还是配角都双目无神
正弦大波,2019-01-13,力荐,5,13,"追光的第四部片，一直和部分前同事有些联系，也因为前几部作品对这个公司的未来发深深担忧。中国CG动画到了这个时代，虽然部分作品表现亮眼，但观众对于影片颗粒度的sense还是非常低，大部分成人对于动画更是天然抵触。很欣喜的是，经过5年的打击，追光终于物色出了一套具有商业价值的艺术作品模型。《白蛇：缘起》无论是从受众对于IP的了解、对于国漫的信心加固再到整个电影的完成度、故事的叙述，都化繁为简，一气呵成。虽然已经离职4年，也不再在电影行业工作，但心中的电影梦一直冉冉不灭，也因为这样优秀的作品而重燃内心炽热复杂的情绪。尽管这部电影的票房可能没法那么理想，也非常祝福追光这一路收获的成绩。""嘲讽、坍塌到重建都是人生，追逐内心的光。”P.S. 从现在开始，动画档类终于值得我单独建一个“追光""的标签了。"
胡二,2019-01-15,推荐,4,4,3.5星，新白娘子传奇前传，低配版李逍遥跟陶奕希版白蛇，狐姐跟橘里橘气的小青是亮点，背景美如画，故事有点低幼，二蛇斗小道场景不错，boss最后的黑化猝不及防，期待下一部《白蛇：缘灭》
憨大仁,2019-01-12,推荐,4,6,女主咬唇妆估计是许多妹子的教科书级示范啦
周冲,2019-01-04,力荐,5,15,好看到爆炸。
鲁大师,2019-01-15,较差,2,13,剧情太水
L+,2019-01-11,力荐,5,21,良辰美景奈何天
五节之君,2019-01-14,还行,3,9,"设定有心了。永州之野的捕蛇人，晚唐的道教崇拜和求仙背景以衔接白蛇本传500年后的故事时代。
但故事还是讲的太简单，总的来说就是唐人的早期仙侠剧风，依旧执着于人妖之别。其实既然做了成人向不如在故事上花点力气。虽然不喜欢许仙的懦弱，可男主魔改鸡汤恋爱脑也是吃不消。主人公的情感互动变化，情节转折都太生硬，配角又过于脸谱化和前后不一致。作为反派出现的国师和蛇母智商太低逻辑简单，又不扛打。
人物画面虽然感觉花了不少钱，可远景还行特写细节不够。场景也很真实好看，宝青坊的设定尤为精彩，但总体来说还是比较粗糙的网游风。人类走路的姿势诡异,动态镜头又晃得太厉害，感觉无形的画外音一直在说“我真的用心了快夸我”。而且小白的脸为什么捏得那么像杨超越2333
这是第三次吃八组安利失败，下次一定要谨慎再谨慎。"
瑾羲Qing,2019-01-11,推荐,4,23,可以无缝对接《捕蛇者说》。加上前传这个故事，突然我又喜欢上了《白蛇传》，曾经觉得许宣懦弱又负心，加上这一段，突然就变成了，两个人在爱情里为了对方都曾奋不顾身。无论他在世间何处，无论他还记不记得，我都要找到他，因为我记得。很美很美的故事，穿插的古琴声，很有韵味。还有对经典新白娘子传奇的致敬很可爱呀。小白太美太美了，青蛇是爱着白蛇的。片尾水墨画的白蛇传故事很有意思。就说一定会有八卦出现滴，国师你是阿灭的远房亲戚吗？就感觉最后到了杭州怎么画面突然变粗糙了……？二刷的我在仔细研究小白的发型是怎么梳的，感觉是可以实现的那种。然后脑内循环着青城山下白素贞，啊～～～
去见你想见的人,2019-01-13,力荐,5,13,惊艳，值回票价!画风上来说我第一时间想到的是接近《秦时明月》，场景和人物都做得很逼真，打斗设计的很精彩，没有做成3D版可惜了。故事内核还是老故事，但是也有创新，我看到了500年前许宣对小白的痴情，犹如杨过对小龙女般痴情。无论你是蛇是妖，哪怕你变成白巨蟒，我爱你如初；你说，你我人妖殊途，注定不能在一起，那我就自愿出卖自己的精元，化为最低等的妖精，这下好了，我也是妖怪了，小白你没有理由甩掉我了。天罗地网，生死瞬间，我以单薄的身体替你挡住飞来巨石，而你，在最后拼尽全力用法器留住我的魂魄。五百年后，西湖断桥之上，许仙追上去说“姑娘，你的发簪掉了”，小白回眸，情意绵绵地说“谢谢官人!”😊😊😊
披着人皮的鬼,2019-01-11,推荐,4,14,多给一分 鼓励外更多的是期许 人物面部细节动作虽然有进步但也肉眼可见的巨大进步空间 希望在现有的技术上 中国能趟出一条独立于大厂尤其皮克斯外的东方审美
鹿菏,2019-01-16,力荐,5,12,影片得出来主创的用心和诚意，团队不卖惨情节不作妖老老实实讲完一个故事，虽然有些地方太牵强但是瑕不掩瑜，片头的水墨效果异常惊艳，山水风景也都很好看，小白很美许宣竟然是耐看型哈哈哈哈，值得二刷！
维雪魂,2019-01-11,推荐,4,15,运镜够出色让人眼前一亮。剧本说不上多优秀，但尽力做到细节丰富，完成度够高，真的很让人意外。华纳动画这些年弄了那么多，没想到除了乐高系列外这部是最好的。
山水烟花,2019-01-13,力荐,5,15,"国漫的新高度。—你有什么不想做但不得不做的事情吗？
—就算命数有定，也要活的自在

—我的法力都被吸光了
—这下你再也推不开我了

人妖殊途，我就成为你好了。一晌欢情，护你一世周全。船头孤舟，浮生若梦。

上一次看这样的上古爱情故事掉眼泪，还是很久很久戏说的蚩尤和西陵珩了。"
汤圆看电影,2019-01-11,推荐,4,14,好看，既有中国古风的飘逸清雅，又有美式的简约伶俐；故事的创新也好，有旧的看点还有新的主题；不过，有些画面稍微有些不适合小不点儿呦！
不野,2019-01-16,力荐,5,11,我还想看宝青坊老板娘的片
6600,2019-01-18,很差,1,7,？就这能8分，道德绑架名不虚传
蜉蝣,2019-01-13,还行,3,2,一会儿古韵一会儿灾难片的画风以及古装高开衩露大腿的造型，看得人很分裂。新编的故事充满拼贴感。对战节奏紧凑超过预期，但依然摆脱不了你大我更大的直观视觉对比，多用点技能交代不行吗？总体值得鼓励！
kylegun,2019-01-18,力荐,5,5,Mary Popping蒲公英，妖塔福利嚼完松，青白百合杀无赦，星座斗阵生死别，双面萝莉怪奇工坊最高！“打妖打了那么多年，日子为什么越来越糟呢？”……《小倩》的非典型续集，开篇情感铺垫略生硬，后面怪力乱神恶趣味出来后越来越赞
Jerry,2019-01-14,推荐,4,7,看到白蛇把阿宣睡完就转身抛弃时，本以为她是个拔*无情的渣女。怎料看到后面，才发现她还有个千年备胎小青。原来是个白蛇婊…
晚不安,2019-01-23,推荐,4,1,3.5。暂列追光最佳。一些少儿不宜的段落已经宣告了这部动画摆脱低幼向的决心（误。《白蛇：缘起》最终达到的，就是《风语咒》费尽心思想要达到的。虽然很大程度上依赖的是这个家喻户晓的故事，但对情怀的运用是恰到好处、画龙点睛的。爱情线的铺展以及剧情演进都很仓促，然而场景渲染和动作设计确实是业内标杆级的。第一个令我怔住的场面是宝青坊，简直有刘姥姥进大观园的感觉。结尾大战阵势不小，试图做出双高潮，但实际上有点冗长，解决问题缺乏合理性。整体细想，还是有佳句无佳章。
michaelchao_cc,2019-01-11,推荐,4,11,剧作上原版故事的许仙和白娘子的情被弱化，人妖法师之间的战斗被强化。这可能是由于故事创新的时候很难平衡情感与战斗，或者说战斗没有很好地融入情感，二者有一定分离。电影在制作定位方向偏向了游戏，运用了法宝、破阵等方式推进了剧情。动作设计中也借鉴了哈利波特、古剑奇谭中对决的元素。但是，总体来说，影片的完成度还不错，原作中白蛇、小青、许仙三个人的微妙关系在这部中得到了很好的保留，白蛇与许宣的相遇相恋也有及格水平的展现，没有过于拖沓的情节，法器的作用前后呼应，最后通过前世今生的牵绊过度到了西湖断桥边的相遇。推荐能接受白蛇传改编的人看。
唐小万,2019-01-14,还行,3,4,以情动人很勉强吧，被激情冲昏了头脑还差不多，只有最后的“彩蛋”，功劳还是《白蛇传》的。
陈矮,2019-01-11,还行,3,10,总觉得导演有什么不得了的见解要发表
一郁知秋,2019-01-11,力荐,5,23,"世间多的是两条腿的恶人，长了条尾巴又如何？！
不忘前世，共约今生。
中国的古代文化真的有太多值得拍的故事了。
"
一颗荔枝子,2019-01-13,很差,1,6,漫画版悲伤逆流成河
麻辣香水鱼,2019-01-20,推荐,4,4,值得一看，超喜欢，画面和感情线都好美的。
不见蝴蝶不见君,2019-01-12,力荐,5,22,爆炸好看啊，大家去支持下票房啊，颠覆的一版许仙宣，剧情没有那么完美但是绝对不薄弱，但是建议不要带孩子看，不合适。
坐好我要起飞啦,2019-01-15,较差,2,6,画面很美，配音老师辛苦。一星画面，一星配音。神仙剧情，随时都要谈恋爱。哪管那洪水滔天，天地八荒，三生三世，只为你一个回眸。牛笔！
没啥可说啦,2019-01-21,很差,1,9,编剧太偷懒了吧，剧情推进很是“理所当然”，明显剧本没有好好磨。真实给2.5星，一星只为去一下水分，别说什么严格不严格的，因为票价是向国外动画片看齐了，而质量就🙂……8分真的虚高了。
mysticark,2019-01-19,推荐,4,2,画面和音乐都做得非常不错。剧情上存在未解释清楚的地方，中期转折后的情节显得有些混乱。不过对于国产动画来说，这已是值得肯定的一部作品了。
○Ⅴ○,2019-01-12,力荐,5,7,前世的许仙透着一股迷人的侠气、目睹白蛇真身后痴心不改，不惜化妖；并且在每个副本中出心出力，很多时候起到了关键性作用。这个“许宣”强行篡改了今生许仙的人设，可是也弥补了许仙全部的不足，满足了观众对大男主的期待。至少我对这个改动相当满意。美术和画面也值得称赞，每帧都可以截成桌面。
Squidward,2019-01-20,还行,3,5,国产动漫真的太爱构建一个庞大的世界观 然后无可避免的不是顾此失彼就是解释不好 用大托小在我这不是很讨喜反正 被吹过头了 期望自然高 观感无可避免的差 口型有硬伤 蛇皮的材质也太闪太滑了 看到最后我的眼泪依旧不值钱
夜间飞行,2019-01-14,很差,1,4,李逍遥的造型适合任何古装片乃至…动画片
青青雫崎,2019-01-13,推荐,4,15,中國動畫片就得這麼拍，除了男女主的愛情動作戲有點突然，值得稱讚的是諸位配角，每個都活靈活現的⋯⋯
T.V.Zoe ி,2019-01-20,还行,3,4,故事没讲通 也就那样吧  挺花心思挺认真 但还是一股子我最讨厌的国产动画的网游味儿  女主是按着陶奕希捏的吧  男主是按着单眼皮金城武捏的吧 但这种差距就像「青城山下白素贞」一起 才觉得正版上线了
讽辞阿嘎,2019-01-11,力荐,5,17,"五百年前你叫小白
他叫许宣
缘起五百年
缘续五百年
前世今生
生生世世
今生你叫白素贞
他叫许官人
PS：中美合作，故事主线、画面风格超级出色。爱情、打斗、妖术、五行、萌宠、CP等元素全有了。
期待更多中国民间传说、神话故事焕发新光芒"
phoebe,2019-01-04,未打星,-1,4,画面意境完全没问题，但这个老套的故事……
turbine,2019-01-05,还行,3,8,总感觉宝青坊主小狐妖似曾相识，最终恍然大明白，三国杀董白！
parachute,2019-01-14,较差,2,17,尬死我了。
晓风明月,2019-01-15,还行,3,8,画面值得肯定，但是剧情是硬伤，配音也不行，太尬了，俗套，完全不能让我有代入感。这部电影很多方面都让我感觉有模仿泰坦尼克号，包括男女主身份地位差距大，包括男主性格还有最后男主保护女主的一幕，和泰坦尼克号太过类似，然而画虎不成反类犬，它不能像泰一样让我感动，只能说导演和剧本功力还差很多。而且男主这样的人设照理说会很吃香，可是整部电影看下来我只觉得男主是个傻X，时时刻刻都在装逼，越装逼越傻X。不过电影刚开始女主梦境的水墨风很让人惊喜。和心里预期差的有点多，看完明白了票房不行不是没有理由的，追光要是再不用心打磨剧本emmm，还有，可不可以请好一点的配音啊。最后，多给一星算是支持国产动漫电影吧。
张苑希,2019-01-21,还行,3,1,美术设计和视效场面的确精致唯美，但这种俗气的一见钟情网文式爱情实在让人吃不消，剧情薄弱节奏沉闷转折生硬，基本上可以当做白蛇传的前传看。ps.不管在任何有关白蛇的作品里青蛇对白蛇的感情才是最真挚的啊！
Camellias,2019-01-21,很差,1,6,爆米花电影，比变形金钢5还不如。一年都看不来几部烂片的我这次也算走眼了，被宣发忽悠进了影院。
乌鸦火堂,2019-01-20,推荐,4,2,追光动画最好的作品，其实也是被安利才看得，因为追光之前的作品全看了，对他们家有点灰心了，所以才刚看，还好终于起势了。画质不必多说，追光一贯的高品质，道具、场景设定是东方神韵，特效场面则是偏于西方。故事难得顺畅了一次，也很动人，结尾致敬断桥白娘子。台词一般，女角色人设都很好，男性角色相形见绌。许宣像胡歌，小白更像邱淑贞，小狐妖貌似圈粉无数
喵喵喵,2019-01-13,力荐,5,17,讲真，在结尾之前，应该是4星，但是片尾熟悉的音乐响起，泪又不争气流下来〒_〒，全场都一直坐着没人走……好吧居然有彩蛋……我还以为都是跟我一样听歌的……
在下李慕白,2019-01-11,力荐,5,23,“世上多的是两条腿的恶人，你多一条尾巴又怎样？” ，小时候看出的是其中的爱情，现在看来最打动的人的是其中困扰着无数人的身份认同了
WallE,2019-01-18,较差,2,11,捕，捕蛇者说？男主脸就是一般武侠剧男主的脸，女主脸就是网红脸，看一次忘一次。剧情乱七八糟，毫无逻辑可言，除了画面精致，优点乏善可陈，所谓成人电影不是女性裸露身体，说话吊嗓子就是成人电影。带着期待去，看到一半只想刷手机。
空山,2019-01-15,还行,3,5,"1.追光，仍然战斗在浪费团队和技术的第一线。发下毒誓，绝不做出好故事，谁先做出来谁TM是王八蛋。
2.前40分钟，精力主要用在对抗角色面瘫、眼神空洞、口型混乱、硅胶质感、漂浮不定所带来的不适。后一个小时的打戏真好看。师父的大锅饭练功法也有点意思。
3.确实成人向，裙子开叉到大腿根、衣衫撕破露出半圆乳房，还加了亲热戏。最可怕的是宝青坊老板娘，孩子身形，袒胸露腿，很不适啊！所有的性相关成人内容都令人不适。"
乌青,2019-01-19,较差,2,9,都2019年了还比不上1983年的《天书奇谭》十分之一水准。这弱智剧情，谈何国产惊喜？
噗,2019-01-20,较差,2,5,虚无的“中国古风”外壳与日本ACG亚文化杂交的怪胎，里面大量的星宿、八卦等常用的中华古典文化符号并不具备真正意义，只是用来填补动画空洞内涵好让其看起来是在弘扬深奥传统文化的遮羞布。一如片中人物说着矫揉造作的“古风”台词营造出的“古韵”，是虚假的、当代的、流行化的，如此看来便更加可恶了。人物与场景画风也不复早年国产动画的写意缥缈，受美国和日本动画以及网络游戏的影响极深，无论是主角们缺乏辨识度的“美型”人模、卖弄性感的萝莉童姥，还是“唯美”的高饱和场景建模都漫溢着塑料质感，以这样的美学去讲述最传统的中国故事是不可接受的。而在故事层面，也泯灭了中国动画最注重的含蓄美与留白，毫无铺垫且直白的情感表达和打怪升级般的游戏发展彻底损毁了这部动画的内核，廉价到无法使人感动。（对了，配音演员表现也很差劲）
recallair,2019-01-21,较差,2,7,"这片子有些无聊啊，剧本也弱，最大的问题：人物与环境缺乏互动，这就使得再美丽壮阔的环境想象也终究只是背景贴图而已。
不反对电影贩卖情怀，但首先你质量得要过硬啊，说句大实话，这片子技术上挺糙的，渲染缺乏细节，整体网游质感非常重。（还是国产网游，外国的网游CG做的可美了）"
贾小年,2019-01-19,推荐,4,1,开头和结尾太过惊艳，以至于可以忽略掉故事推进中的一些中二元素。（希望反派人物塑造可以更立体一点
birds,2019-01-17,还行,3,1,比之大圣强很多，视效很花，故事昏昏欲睡。
Yukip,2019-01-05,推荐,4,8,在国漫里水准算不错的，让我想到了去年的风语咒，其实算还可以的，多加一星支持一下! 
[已注销],2019-01-11,力荐,5,16,画面很精致，水墨风格极其唯美。人物性格鲜明通俗易懂，故事是白蛇传的前篇，相当于原创剧本。是一部值得推荐的好电影。
向简,2019-01-08,推荐,4,1,老故事已经板上钉钉，能发挥的并不多，角度好，在＂当年救了我＂的孔隙中凿出大情节。把许宣和白娘子写成了杨过和小龙女，致（借）敬（用）泰坦尼克号结尾的点睛之笔。千回百转让人怀念的永远是相遇和相爱阶段（前相处时代）。叙事并不输于花木兰和功夫熊猫之类，主流但不乏味，巧妙回答了＂美色在爱情中地位＂的天问，可以看作爱情寓言——因美色而起，凭痴心续航。髪簪是信物，记忆是信仰，梦是点题。人往往这样：初看美梦，觉得自己也行，于是自命不凡、嘲笑俗事；然后自己成了俗事，反过来笑美梦幼稚。成为俗事是必然，但分主动沦陷和被动沦陷；有的人弄潮很享受，有的人弄潮很被动；最惨的是不想弄也弄不好潮但只能被漩涡甩得七荤八素不人不鬼的人，这些人看到当初的美梦，除了内心一声惨叫，又能如何！呜呼！
海狸狸狸,2019-01-17,推荐,4,0,画面很美，特效很好，故事也很不错。果然是中美合拍，能看出来美国电影的影子啊，哈哈。并不是给小孩子看的动画片噢！最后还无缝衔接《新白娘子传奇》啊。
突然粉碎,2019-01-11,还行,3,7,迄今为止最好的追光动画盖章，白蛇传果然大IP，以为青白许仙的故事看得足够多了，实际上还有很大的开发空间，故事完成度和画面渲染都很满意，剧透预警：《冰雪奇缘》《泰坦尼克号》《新白娘子传奇》爱好者不要错过
萧玄清,2019-01-13,推荐,4,9,"7.5，我的马鸭，一个大老爷们硬是给我看哭了
人物形象还是太好莱坞了，男主没有记忆点，女主美得很普通，不过女配的脸我还是蛮喜欢的
情节很简单，不过切入点蛮不错的，期待下一部
故事里面有许多小心思和新意，挺不错
宝青坊最佳，期待番外篇
打斗凌厉，很帅很爽
道士难道只能跟鹤有关了吗？太死板了8
PS:记得带纸巾"
予己一书,2019-01-12,推荐,4,9,完爆大圣几条街。画面非常美，但是打斗跟开玩笑一样，蛇精boss跟国师没露面时感觉真牛批，但是还没干两下就趴了，跟漫威宇宙高潮打斗时一样闹着玩似的。本想打三星，但是结尾断桥遇许仙画面太美加一星。
SingLesinger,2019-01-19,推荐,4,0,结尾断桥二人背影的发型简直iconic，前面的叙事其实很普通，一些二次元的软色情元素国产动画中还是很少见。
JOJOORC/Z,2019-01-17,还行,3,3,是不容易，画面很棒，但故事和台词夸不了，人设也难受，卖肉卖得心酸。希望回本。
灼灼裴质,2019-01-17,推荐,4,2,剧本完成度很高。缺一星在于，我没有哭，也没有笑。
Favillae,2019-01-17,还行,3,5,反派国师师徒都是雷声大雨点小讲排场死得快，失望。剧情总体挺低幼的，小学生网文水准。
水怪,2019-01-20,还行,3,0,唐末屁民苦于抵税，然后就宋朝了…
Homo sapiens,2019-01-18,推荐,4,0,前半部分非常惊艳，一度想给五星。直到把人变妖有点开始不对劲，后面立即审美疲劳。总之，中美合拍两开花，可以一看！（
Lunar Chang,2019-01-24,力荐,5,0,一边看一边感叹中国动画效果现在都这么NB了吗？水墨写意中国元素都很和谐，重要的是自从“电影不能有鬼”以后，这是我见过招式最考究的中国鬼怪片了，那招金丝“天罗地网”飞出来千百只金仙鹤的时候，我也就在心里卧槽了100次吧。各种好不说了，就真诚的问一句，大家都魂飞魄散了，为什么小青没事？
胡姆胡姆库鲁库,2019-01-12,很差,1,4,垃圾垃圾垃圾垃圾！！！一股他妈的廉价国产剧风，白蛇长他妈个网红脸性格矫情的跟屎一样，我他妈第一次知道动画片能他妈尴尬成这样！！！恶心的死在电影院里！！！
一灯,2019-01-20,未打星,-1,0,没有什么好莱坞进入不了的了
何小辅,2019-01-14,力荐,5,6,不一样的白蛇传，以为是瞎改，最后居然能够和传统的白蛇传承接，惊喜
离桑,2019-01-15,推荐,4,0,8
流浪记,2019-01-25,还行,3,3,比大鱼好一些
盲忙,2019-01-12,还行,3,3,还不错的改编，想看徐克拍真人版。
安吉丽娜,2019-01-14,未打星,-1,12,还没看，就不打分了，澄清一个宣发上的误区，这部电影并不是中美合拍，制作者都是中国人，华纳只负责投资和提供了一些宏观指导，技术都是中国的，这个公司据说还做过小门神，质量都不错但都扑了，为了情怀做成人动画，这部据说是最后机会了，如果也扑了就要破产的样子，如果大家看了预告比较喜欢，但因为中美合拍比较膈应的，完全可以放下成见去看看。
HandWash,2019-01-13,推荐,4,6,结尾好加分呦
殇潮|Enigma,2019-01-20,还行,3,1,太成人了吧……人家还是个宝宝
党委书记,2019-01-11,还行,3,4,"比大圣归来强100倍确实。
但是，四连扑预定，追光顶住！不要倒闭！卫星吧需要你们，手动滑稽。"
梵目,2019-01-16,较差,2,7,动作戏有莫名其妙的逻辑性BUG，显得很假，故事具有连贯性，也有不少小高潮和冲突，能够提高可看性，但剧情上依旧比较老套，没有新意，可能成人化是最大的吸金噱头。
舒心酱,2019-01-11,还行,3,4,许宣是李逍遥性格，纯爱人设。打斗场面有些地方很失控，汪好可爱呦，奶萌奶萌的但那个大叔配音是怎么肥四
Rickest_Rick,2019-01-14,还行,3,4,不带情怀加成，不谈“支持国产“，那也不失为一部不错的动画电影
五星级大飞鱼,2019-01-17,力荐,5,4,给白蛇的团队 活下去的希望，国产的烂片都能给到五六亿的票房这个怎么就不行，喜欢凑烂片的同志们长点心吧。
陈四喜,2019-01-11,还行,3,6,故事一般般。感觉主角的情感基础铺垫的不够。师傅，师妹和国师多方势力捋的不顺。转折也比较突兀。小白变成巨蟒后，人物关系的走向就太简单了，很难把她再当做一个人物。阿宣选择做妖，是个败笔。因为人与妖的障碍就这么解决了，按理说留着这层障碍更好。
玥玲,2019-01-18,推荐,4,0,期望有第二部。
冰仔,2019-01-19,推荐,4,0,有几段动作有点僵，难得的是全片几乎都不尬，甚至有点感动。最重要的是，中美合拍的电影终于上映了！……开花，开花。(那狐妖也太少儿不宜了吧！)
phoebearbus,2019-01-19,还行,3,3,哪里好看了？！故事尬的没有那只狗都撑不下去（别扯什么技术画面）
-李庆宇-,2019-01-22,推荐,4,2,看完三句话记得特别清楚。人世间两条腿的恶人多了，长条尾巴怎么了；八荒四海总有我们的容身之处；来日方长来日方长来日方长。（都是在概率里偷生，哪有什么来日方长，我最不信来日方长 ）
dum没头脑,2019-01-17,力荐,5,0,有画面 有构思 有故事 对于每到放假无限循环看新白娘子传奇的我简直意义非凡
功夫兔子,2019-01-11,力荐,5,13,美极！美极！国漫巅峰！太美了！细腻唯美！光看画风就够了。另外这次我第一次观察了一下动画人物的口型。
万古,2019-01-08,力荐,5,14,唯一让我不满的地方就是那条单身狗，导演你是在暗示什么！？🙃
痞子老九,2019-01-20,推荐,4,0,鼓励性4星，画面与故事题材上的突破，都在国产动画电影里算得上亮眼。只是动作打斗方面显得太“快”了点，很多时候感觉是为了缩短时常而故意放快了，让人有点目不暇接……这一点，体验实在不咋滴～
gwei,2019-01-06,还行,3,4,前半部分，画面超美，后半部分 所有国产动画的通病！灰暗 凌乱！
Aboo,2019-01-13,推荐,4,2,既有船，也有船戏的《白蛇》前传，故事颇有当年王祖贤演的那些神神鬼鬼港片的风味，看着亲切。细节上也是有些小灵光的，比如佛像的眼泪不过只是解冻后的水汽。男主这个长相，我没猜错的话应该是唐人签约的艺人吧。鼓励鼓励，票房应该会随口碑走高，不过有点可惜不是农历蛇年。
yunduan,2019-01-13,力荐,5,5,国产动漫能有这样的水平确实难得，阿宣舍身救小白化身冰人的桥段有种泰坦尼克的感觉，结尾音乐响起，各种回忆……
BLAKE,2019-01-13,推荐,4,2,技术过硬，故事略微单薄了点，阿黄应该是最憋屈的配角了。
levitating,2019-01-15,还行,3,1,国产动画进步真是神速哇！最后大战睡着了，果然特效片的打斗戏一向是我的催眠剂。男主挂的时候，满脑子闪现泰坦尼克号……
超人叔叔,2019-01-16,还行,3,0,华纳摆在那里作画的品控没得说 作为缘起也算过关的前传故事了
岁月静好,2019-01-13,力荐,5,15,和我妈一起去看的，本来我妈说看大黄蜂不看动画片，我不干，我说为国产动漫崛起添砖加瓦！当真是没辜负我的期待！看完我妈也是非常满意，直呼太美了！等了小半年，从微博上看到预告片开始就在等着了！白蛇传是我们从小就熟悉的故事，但是和《大圣归来》对《西游记》的改编不同，《白蛇缘起》是《白蛇传》的前世故事，女孩子总是会喜欢这类前世今生情系三世的故事，剧本非常棒，特别唯美，结尾里面小白看着阿宣的魂魄清唱《何须问》的时候我真的哭了！
男娼起义,2019-01-16,还行,3,0,阎魔友情出演了
血天,2019-01-17,还行,3,6,节奏乱七八糟，爱情莫名其妙，我们好好铺垫不好吗。前半段再多点时间，把线理清楚，人物动机，情感好好铺垫，会好很多。以至于看到最后都觉得小白和阿宣的感情太过于仓促，师傅，小青的动机缺少点什么重要的推进因素。不过后半段倒挺好的，节奏比前半段好太多。很多设计看出来话了心思，比较亮眼。不过看完以后，很难记住有什么吸引人的地方了。
韧者,2019-01-09,推荐,4,7,"虽然好看，但比不上阿唐奇遇、小门神、猫与桃花源，故事太简单，除了爱情，没啥多余的内涵！看阿唐奇遇、小门神、猫与桃花源，能边看边思考，看白蛇不用带脑子（解读人性也说的过去，但没必要），适合放松看一看，不用带着鉴赏去看！
对了，里面的音乐值得鉴赏！"
Dita,2019-01-17,还行,3,0,"新白娘子传奇是童年回忆
青蛇是港片记忆
于是去看了部国产动画电影
上次看国产动画还是大圣归来
没有吹的那么神
也没有那么差吧
三星吧
画面确实不错
但是故事情节还是蛮突兀转折的
下面有剧透

最好笑的是许宣为了要和小白在一起
去变成了妖 长出了他狗狗的尾巴
我也是醉了
我以为我在看奇葩说呢
辩题是“伴侣变性了你怎么办”
当时就有个奇葩说 我建议你也去变个性[皱眉][皱眉][皱眉]
真的是爱上了妖 人妖不能一起 我建议你也去变成妖
这是什么沙雕操作😝😝😝
笑到昏Gucci

最后不止致敬了这两部🐍相关的经典作品
感觉还cos了泰坦尼克号哈哈哈哈哈
不行了 这一锅中美乱炖
我干不下去啊
不过确实原创内容太匮乏了
这种翻牌过各个版本的大ip还要拿来继续拍
看到结尾应该是不出意外还有下一部吧"
绯色_神仙,2019-01-13,还行,3,0,很多设定都挺有意思，特效不错。
影中世界,2019-01-19,推荐,4,0,真的很好看啊，制作精良，最主要的是画面真的很美，场景方面下了不少功夫。作为一个家喻户晓的国民IP，能够抛弃耳熟能详的许仙与白娘子的故事转而讲述两人前世缘起的故事就很有新意了，虽然爱情部分来得太突然，但是两人分别的时候还是被感动到了。结尾的歌一响，立刻又回到了那个熟悉的年代
夏日雨荷冬日娜,2019-01-14,力荐,5,1,《新白娘子传奇》中交代了5分钟不到的前世剧情，这里花了2个小时来讲，编剧脑洞还是开挺大的。剧终断桥上那一幕其实最百感交集，感觉也没有续集了，Sad。
一里独行,2019-01-09,力荐,5,14,当片尾曲响起，竟然有点想哭。白蛇不管是人还是蛇，造型都美到爆炸！国产动画的画面可以说是越来越漂亮了，剧情前半部分非常不错，后期决战有些混乱不过瑕不掩瑜，走出影厅就已经开始期待续作了，希望国产动画越来越好
秋熙,2019-01-16,未打星,-1,0,画风精致养眼，人物和动作设计也是可圈可点，但是剧情实在敷衍，完全是为了画面服务的，毫无逻辑可言，还不如做成mv得了。
眠去,2019-01-23,推荐,4,0,好喜欢哦，最惊艳是那个萝莉身的老狐狸，超酷啊！国产动画真是很难得了
咕噜咕噜吹泡泡,2019-01-15,推荐,4,2,故事情节特别流畅，各种中国元素以及人设都没毛病，看着白蛇传长大的我表示非常棒！！在票圈夸了一句，一个人说一看就是老外审美加国内网红审美，另一个说中美合拍文体两生花，是是是，人家华纳都承认了是合拍，到了国人眼里就都是他们美爹的功劳，魔障的人真够多的。好像现在喷国产是政治正确吗？？这样的作品不值得骄傲？？
黑特007,2019-01-17,还行,3,0,★★★☆，不是低幼向但kiss也太突兀了……人妖的本质是吸精机……半人半妖的蛇精是最好看的，配乐喜欢，尤其结尾转世太好看了，优缺参半
宅拾叁,2019-01-12,还行,3,2,追光一贯的老问题，大投资却把宣发作的非常烂。但质量还是有一定保障的，故事上还需要在打磨一下，尤其是反派的人物刻画。蛇村建模很美，就是人物网红锥子脸还没啥表情，唯一见到的就是开头的川字眉。裸背那一下满场家长捂小逼崽子们的眼睛，看之前不了解一下成人动画吗。
化熊出爪,2019-01-14,推荐,4,0,人设太disney类型化，你说白素贞是迪士尼公主毫无违和感、8.1 比海王还高迷醉、
夜潇狂,2019-01-16,推荐,4,0,新千年第一部PG-13级国产动画？
湛卢_读书,2019-01-12,推荐,4,6,"技术很强，故事太不圆润了。
被 ntr 即视感的青蛇和看起来是人但是弹跳能力惊人的许宣。
在调用观众情绪和情感方面还要多下功夫，很多桥段非常莫名其妙。打戏很多优点过满了。"
麦小白,2019-01-15,推荐,4,0,来世再续今生缘，让那情意永缠绵。/技术保持在线。
_宇轩鸿鑫,2019-01-11,推荐,4,9,"妈惹，完全没想到这样一个早就烂进地心的故事，弄得我眼泪止不住的流。
其实从电影本身来说，我觉得它的节奏有重大的问题，许多剧情的进度过快而且没有前兆。配音也不甚完美，有的声音因为过于做作甚至让我有点出戏。
不过，影片的画面设计是真的良心，在《影》之后，再次在大荧幕上看到极具中国水墨画风情的画面，真的让人感觉惊艳。特效一方面看得我略累，但是另一方面确实足够震撼。
男女主角之间真挚的爱情虽然老套到让人尴尬，但不知为何，还是让我颇为感动。
“人世间长着两条腿的恶人多的是，有一条尾巴又怎样？”
“现在，你再也推不开我了。”
让我去找找纸巾。"
寒寒,2019-01-20,很差,1,13,只有我觉得有点辣鸡吗。。。白蛇梗真的已经腻腻的了，人物形象还延续烂大街的花木兰脸，白蛇青蛇单看五官分不清谁是谁，情节发展莫名奇妙，莫名其妙的刺杀莫名其妙的爱情莫名其妙变妖精，女大魔王刚说完全杀还没杀几个又任性地要吸精。。。另外到底是白蛇还是白龙啊真是画蛇添须
飞侠式拼搏,2019-01-05,推荐,4,5,"缘起，白蛇和许仙爱情故事的缘起。这次聚焦了白蛇和许仙的前世因缘，探寻两人今后为何相爱的原因。熟悉的人物，新的故事，有笑点，有泪点，值得一看。
画面细腻很美，令人惊艳。视效，场景，造型，动作等技术都是国内顶尖水准。情节略弱，国漫依旧不太会讲故事，但值得期待。
人世间多的是长了两条腿的恶人，多长了一条尾巴又有什么呢。国师的屠杀是为了自己的修行，而许宣则拯救了全村人，善恶从不只看外表。
“无论他在世间何处，无论他是何模样，我都要找到他。因为，我记得。”西湖桥上片尾音乐一响，满满的童年记忆啊！
长着一副网红脸的小白，到底是白蛇，还是白龙？
片尾有彩蛋！不会等太久，那首歌听着听着就到了。"
yoda6sa,2019-01-14,力荐,5,13,坦白来讲该作算是目前为止中国大陆最优秀的3D动画电影，人物建模和场景设计十分唯美，剧情也多多致敬了《青蛇》和《新白娘子传奇》的经典片段，结尾的彩蛋也能看出追光动画是有野心将其打造成旗下的经典系列；然而，也许是电影时长的问题，故事情节的多次转折有些生硬，动作特效略带生硬，BOSS战更有点掉帧......总体评价：唯美，但缺乏些灵动~国漫之路绝非一天两天能探索发展完毕，接受建议，多多鼓励，望国漫越来越好！
海盗豚,2019-01-16,力荐,5,0,近年最爱的国产动画片！连风语咒我都爆灯了，这部没理由不爆灯，全程看得很舒服，哭的很舒服。另外，我个人好像代入的是男主，跟蛇妖谈了场恋爱，荡气回肠的，现在有点累了。
淹然,2019-01-19,推荐,4,0,徐克式的视觉想象，新白娘子传奇的情怀。
从来都是蘑菇酱,2019-01-12,较差,2,4,何须问，浮生情，五百年后，再续前缘，一时欢情，抵过千年修行，一夜欢愉，轮回百年仍记得，爱情的魔力，让人化妖，妖变人，几世不悔。
劼__x,2019-01-11,力荐,5,7,"非常好看
高能预警
少儿不宜
故事讲得不错"
哈比,2019-01-18,推荐,4,0,值得一看！打斗场面行云流水，节奏感抓得非常棒。动画人物的小神态也很好~ 我最最喜欢的是他们一起去宝青坊的那段，虽然过场很快，但是一窥宝青坊的业务和工作流程。特别棒！
pz,2019-01-12,力荐,5,12,前排5个和尚也在看。。太真实了吧。。
海若,2019-01-23,还行,3,0,狐妖略恐怖，故事略扯，人物关系和性格变化突兀，结尾音乐略俗套，设定魔法世界有些bug
风雨暗花,2019-01-19,推荐,4,0,除了人物形象略迪士尼画风之外，画面还是很惊艳的，很明显地致敬了青蛇倩女幽魂，宝青坊非常徐老怪style，原创故事最后来了一发新白娘子传奇的情怀杀，圆得不错了。
sea,2019-01-21,推荐,4,0,也许是太久不关注电影推荐了，完全没有听过这部电影也就完全没有想过进电影院来看，正好周末有点时间没别的选项就来看了，结果还是不错的。人物造型非常正宗的唯美中国风，甚至觉得年会如果穿小白这套就好了，还很想知道小白的口红色号，哈哈。音乐以及视觉效果流畅，想象力和广为流传的传说的连接非常干净漂亮，甚至有一瞬间有了迪斯尼动画出品的冰雪奇缘既视感。看了影评，对追光制作的动画留下很好的印象。
PageChen,2019-01-14,力荐,5,4,追光加油！！！
adam,2019-01-14,还行,3,1,画面很漂亮，动作还是比较僵硬。主题就是一句：妖怪又怎么样，她长的好看啊！
沉默,2019-01-16,推荐,4,1,"之前总觉得追光的审美又土又丑…每一部虽然都在进步但直男配色和丑怪的人设真耽误这顶级的制作…这次人设、色彩、镜头语言都上来了，尤其水上的几个处理美不胜收，美学品位提升。
以往三部都存在一个问题，想表达的太多，反而在叙事上重点不明确，故事重心详略不当，什么都想说，劲儿太均衡。这次克制住了，只讲完整一个故事，不展开太多，所以感觉非常商业化的舒适。故事站在巨人的肩膀上合理联想，主题寻常但不庸俗。彩蛋令人期待后续狐妖系列。
总体来说这次在定位上摆脱了全年龄子供向的紧箍咒，目标受众是青年观众而非家长带孩子，不再做反思向、教育性内涵，迎合青年观众做成纯商业向仙侠动作元素的爱情片，社交媒体口碑爆炸本质是因为这次定位的改变。"
dududuck,2019-01-13,很差,1,11,说句老实话，觉得这片子好看的，你们是认真的吗？
影探,2019-01-05,推荐,4,8,2019年的第一份国产惊喜，超出预期，虽然还有人物表情动作略显僵硬的通病，但已经比《风语咒》要好，而且画面精美，构图讲究，中国风终于不再是素材的堆砌，而是拍出了古典韵味，实在难得，诚意作品，也有水平。
ozawa,2019-01-21,未打星,-1,0,画风低幼
孙二狗,2019-01-19,还行,3,0,当许仙喊出小娘子的时候...那一刻我以为是西门大官人！
晓晓一,2019-01-13,还行,3,1,画面很美，然而故事好像缺乏主心骨，到底想表达什么不太明确，正面反面人物也都缺乏层次。另外，恩，有些画面……恩……好像有些香艳？像是色情网游弹窗广告的那种风格？
终有剑心在,2019-01-21,力荐,5,0,如果以是否打动人心而论，我觉得这电影是成功的。白蛇传的前传，在传统神话传说的缝隙里插入了新的故事，完美解释了白娘子钟情许仙的真正原因，正是前世这样的人才值得白娘子为之付出一切。主角设定也突破了传统故事的套路，小白娇羞温婉的样子惹人怜爱可能不是我们记忆中的那个白娘子，许仙也打破传统故事里畏缩怯懦的设定，前世的许仙洒脱不羁坚毅勇敢，喜欢这样为爱情风不顾身的故事。结局看的我泪目了转头看见孩子妈妈也在擦眼泪呢，你心中做何感想呢是否也想着如果有来生还要在一起呢。
风间隼,2019-01-16,推荐,4,1,3.5星，故事中规中矩，人物蛮可爱。比较精彩的一是宝青坊的华丽机关，二是国师的法术和排场，都很有想象力，但还是比不上《千与千寻》和《小倩》啊，国产动画继续加油！
素衣染天香,2019-01-16,力荐,5,1,哇。吹爆动画特效，还有各种中国风的创意！！！真的墙裂推荐你们去看。配乐和动画效果都好唯美。明明是一个很老套的故事却让人移不开眼睛。想看下一部。真的。快去看。真的值回票价。
Nicκ,2019-01-20,推荐,4,0,应该是大圣归来，大鱼海棠之后的再一部国产动画作品，有亮点，有不足，继续加油吧！
支离疏,2019-01-11,未打星,-1,3,白蛇回头那一刻说：谢谢官人。想接一句：官人，我要。再接一句：官人，我仲要。再接，要不够的。
尼奥安德森,2019-01-13,推荐,4,2,追光的前几部情节背景设定总有一种曲高和寡的感觉，好在这次用了白蛇这个更大众化的背景，融入了永州捕蛇的思考，兼顾热闹和门道。奇幻设定很多不俗的地方，画风一贯优良，四个女性形象各有特色也很惊艳。情节依然是短板不过进步很大，爱情来得太快，场面足够有力，情绪差一口气。一头一尾的画风与情节最棒。
玛丽莲·孟获,2019-01-22,推荐,4,0,台湾中国风游戏CG + 不错的视觉想象力 = ？，两开花两开花。
Thomas,2019-01-23,较差,2,0,以为是站在《新白娘子传奇》和《青蛇》肩膀上的作品，实际感觉呢，就是看到马上要唱《渡情》了，连前奏都已经开始了，结果唱了个“古风”歌曲的感觉。
巴鸡！,2019-01-13,推荐,4,4,用好莱坞的特效讲中国最传统的神话故事…一个很好的开始 长宁来福士百丽宫观感还不错 
尿裤侠,2019-01-07,推荐,4,9,看的点映，7.5分肯定有，再往上就看个人喜好了。好想看结尾之后继续演，熟悉的音乐响起的桥段竟然成了最令人印象深刻的。> <
hf万物,2019-01-03,推荐,4,6,追光这一回技术提升了，画面美到爆，动作很流畅，微表情也很细腻，打斗也很干净利索，乍一看以为是迪士尼皮克斯的动画，一查，原来有美国华纳动画加盟，难怪质量这么好。故事层面，我觉得故事略有点赶，进展有点快，情绪铺垫略差一些，稍慢一些就好了，情绪就更饱满了，但总体来说也过得去，完全没有追光之前的《小门神》《阿唐传奇》那样，被人诟病的低幼问题，这一回还比较成人，甚至还有露背镜头。中国传统文化元素也是满满的。总的来说是一部有诚意的动画，不知道算不算国产动画电影的新里程碑了？
曼朱沙华,2019-01-23,推荐,4,1,1.不喜欢动漫中女性角色没必要的暴露。不管是青白的大腿，还是狐狸精的装扮，明显都是在扩大“性”符号。2.“锁妖塔”中的一夜情？这真的是有必要的情节？动漫中双方的感情需要性行为进行升华？还是在“锁妖塔”？3.逻辑bug。4.网红脸+僵硬的面部表情。整体不错，可以给4星。不是挑刺，因为期许更高，所以要求严格。
牛佬,2019-01-13,还行,3,1,新白娘子前传，前半段像武侠，后半段是巨蟒片，中间有段话画风诡异的宝青坊妖怪戏。从美术、制作到故事都比追光动画之前的两部有质的提升，片尾熟悉的老旋律响起时，还蛮让人唏嘘。
搪昂昂昂瓷,2019-01-15,推荐,4,3,被扯进安吉丽娜•朱莉和伏地魔派系斗争的白超越和发生过一夜情就差点被张雨绮取掉卵子誓做人妖的小哥哥千年纠缠的情事，即便没有柔情铁T小青持之以恒的纠缠感人，但没有一而在再而三的讲同一个故事就很不错了。整个动画能明显看出来技术上的短板，但试图去还原一些中国特有的意境确实很努力，或许有一天就摸出来条不同于好莱坞的中国动画电影道路。略带情色的部分正是中国古代书生与妖精的感觉，但稍稍有点儿过分。片尾新白的音乐太赖皮，导致砰的一下泪腺就炸了，在对赵雅芝女神的回忆下给了高分。
sanyo1527,2019-01-12,较差,2,15,剧本问题还是大呀，太老套了。
小烨,2019-01-11,推荐,4,2,一直在留意女主的眉型画得和眼睛不搭，以及被种草唇膏色号，我的关注点……
江枫渔火,2019-01-20,推荐,4,0,7/10.剧情没有太多亮点，几处转折还是有点生硬。贵在画面非常惊艳，致敬《新白娘子传奇》的段落也很巧妙，响起《前世今生》这首歌时有被感动到。
毒舌列文,2019-01-24,未打星,-1,2,"这两天终于去看了眼下这部“最具话题性”的华语动画片《白蛇：缘起》，感觉……优点嘛……确实像大家说的那样；但缺点嘛……也跟大家说的一个样，难怪会在网络上引发口碑两极，喜欢的人吹到爆，讨厌的人踩到死！

首先要肯定的是，《白蛇：缘起》确实是追光动画迄今为止“最为养眼”的作品，养眼和精细程度超过《猫与桃花源》、《阿唐奇遇》、《小门神》三部前作之和，也终于找到了“国风动画”的准头，整部影片在传统美感、意境氛围，与现代的炫酷养眼画风之间，找到了绝佳的融合与平衡点，斗法大场面也比较有创意和想象力！

但是，本片在故事、角色、情感方面都显得比较弱，故事基本上就是养眼场景和动作冒险的简单串联，剧情显得单调而仓促，缺乏有层次的展开，导致角色和情感显得都不够丰满，所以到了煽情时刻，也难以让人从心底里真正感动！"
阿顺,2019-01-15,推荐,4,1,蛮惊喜啦。最后熟悉的音乐起来的时候感动坏了。完全忘记了其实有几处剧情其实挺尴尬的。但是方向很好。追光动画加油。
小酷豆,2019-01-21,力荐,5,0,意外的好，意外的惊喜。
菅田家小鸡蛋,2019-01-22,推荐,4,0,其实感情戏真的一般 宝青坊和法术设计的超棒
akira,2019-01-15,推荐,4,2,许宣脸是不是根据刘昊然建模的？？蛇精师傅是不是安吉丽娜朱莉？？
梦羽灵泉,2019-01-11,还行,3,3,虽然还是所谓“中国传统故事”的那点儿有点儿中二的青春式感情观，虽然还是很有些尬，但好在剧情本身终于不至于中二到违和的程度了，推荐看，虽然后期有点儿太紧了，和风语咒感觉有点儿像，好像是没钱了，反正青年电影要和“低幼片”划清界限就要谈恋爱的设定……从王座到风语咒到白蛇好像也没怎么变过啊，另外……这片子最严重的问题是——少儿不宜≠不低幼……
浊酒余欢,2019-01-19,还行,3,2,剧情很弱，台词糟糕，人物没有性格，唯一开心的是，结尾音乐“青城山下白素贞”放出来的时候，大家都跟着一起哼。
美卡 mecca,2019-01-21,推荐,4,0,7。包了个周一下午场，开始还有一搭没一搭看一眼- -  后半真好。剧情虽东拼西凑，抄到深处了无怨。
西门大官人,2019-01-14,力荐,5,2,19年第一部院线国产佳作，虽然作为中西合拍片，不过为国产动漫又一大进步，5星表以支持
叩歌,2019-01-21,推荐,4,0,1、很喜欢画风，感觉每一帧都可以截下来当壁纸，唯美有质感，看着很舒服；2、人物造型和场景设计也很有想象力，捕蛇村的红叶似火、宝青坊的行云流水、踏洲行的水墨韵味；3、有《青蛇》的姐妹暧昧，也很好承接了《新白》的一见钟情，看得出不是乱改，有致敬有创新，国漫未来可期。
后皇嘉树,2019-01-17,力荐,5,0,画面非常棒，美工非常好。剧情水平算及格线，感情线略显仓促，打斗场面干脆但不够精彩。最后，这部动画不适合小孩子观看，尤其是狐狸精的萝莉体型，小孩子看了根本把持不住。影院二刷，我已经对票房尽力了
千年孤独,2019-01-18,力荐,5,1,不敢相信这是8000万做出来的动画，如果有2.5亿美元，我们也能有自己的疯狂动物城吧。
走到银河去,2019-01-11,力荐,5,7,超棒
lixunhuan,2019-01-24,还行,3,0,你和她萍水相逢，又哪里来的真爱，无非是贪图她的美色罢了。小青说得也挺对的
格俐玛,2019-01-18,推荐,4,2,最后西湖重逢，音乐响起，大家都哭了。情怀点准确，上一次如此成功煽情的是开心麻花白蛇小品。中美合拍带来了三种东西：一是身体，镜头运动从腿开始，增强了白蛇故事的“性”意味，翻转了《新白》的禁欲美学；二是怪兽，种种恐怖奇观；三是女性向，人设大变，许宣无悔付出，白蛇反倒心事重重。遗憾是表情抓取有些僵硬，动作场面过多，只想看谈情说爱。
λόγος,2019-01-15,还行,3,2,全程昏昏欲睡
Larry,2019-01-14,力荐,5,8,我不太喜欢看动画的人，觉得这部超好看！场景、故事、人物都超出预期！虽然也有女主人设不饱满蛇精网红脸、个别配色饱和度太高等小毛病，但瑕不掩瑜，期待这个团队下次出一个主题更宏达的动画！
MovieMania,2019-01-12,推荐,4,1,追光动画工作室出的国产动画片算是比较有追求的。小门神虽然有模仿功夫熊猫的影子，但已经让人看到了国产动画片的崛起。白蛇缘起结尾无缝衔接剧版，这个情怀打得好！可惜故事剧情毫无节奏感，一切都是赶着走，如果能稍微舒缓一下，酝酿一下情绪或者氛围，效果可能会好很多。字幕出完第二个彩蛋意思着要拍续集？
小人儿,2019-01-14,推荐,4,0,国产动画真是越来越好了，很欣慰很高兴，旧事新说，有创意，画面很美。
子龙,2019-01-16,力荐,5,1,"国产动画电影还是有希望的。
剧情合格，但是多处转折比较突兀，该学习一下《大圣归来》。
画风不错，就是人物普遍没有表情。
狗的表情最丰富。
女主有着迪士尼公主的脸庞。"
JasonX,2019-01-13,较差,2,4,场面一塌糊涂，人物脸部僵硬，爱情来的莫名其妙......
冬冬求包养,2019-01-14,推荐,4,2,阿宣！我可以！！
山人阿苍苍,2019-01-06,推荐,4,10,谢天谢地这次追光终于在《白蛇：缘起》中学会了叙事，经历过前几次失望的本人简直有点热泪盈眶。许宣一反传统的元气少年人设带感，宝青坊的设定与视觉呈现鬼魅惊艳，开头的水墨+三维画风极美，但宝塔一夜两人发生关系的处理没必要真的没必要！！！以及各路反派过于脸谱化了，小白与许宣生死诀别那里也稍显啰嗦了。但怎么港，一听到老船夫唱起熟悉的调子，一看到结尾的西湖美景三月天，这前世今生的情深还是立起来了。
Quester,2019-01-21,还行,3,0,不知道是审美的问题还是创作团队过于年轻，反正这几年的动画怎么看都有一股子浓浓的手游媚俗气。人物造型也是千篇一律，你可能从风语咒里拉一个人物换个发型服装就到这个白蛇里来了，辨识度太差了。场景的村落让我恍然以为是功夫熊猫的片场。
方羌羌,2019-01-17,推荐,4,3,值得鼓励，片尾收得漂亮，青城山下白素贞旋律一起，全场hi了，想看青白百合更多戏份，郭师哥的配乐👍
悟空&憨豆,2019-01-14,还行,3,0,各方面来说只能是平庸，备受赞誉的中国风虽然惊艳，但在剧中出现时却总有一股卖弄显摆之意，剧情推动也不尽如人意，无铺垫的反转与煽情过多。总体上，值得鼓励但不能捧杀。
焱返,2019-01-11,推荐,4,9,"感受到了森然恶意。事情是这样的，今天我买的场次居然只有三个人，我坐在第三排，第四排是一对情侣。电影播着，小白和阿宣牵手了，狗狗“肚兜”在他们身后说:“还有条狗呢！”

那一瞬间，我有一种微妙的感觉。 


——————————————————
开头:“咦咦咦！是百合向！”
中间:哎这个男主的建模怎么像林更新！怎么一窝的蛇只有两只那么好看！卧槽，你们怎么在镇妖塔里滚了！
结尾:动作戏真好看！原来男主人设是忠犬吗？这国师的徒弟……黑晴明，是你！第一次见体型这么大的女主……哎这蛇老大是坏的……想抽八岐大蛇！我靠结局居然是泰坦尼克号，好不容易折腾几百年，以后还要被法海收，想哭……
大中华需要这样的电影。"
Thor(in)Asgard,2019-01-18,推荐,4,0,竟然挺好看的……而且还有致敬电视剧😮 
绿毛水怪,2019-01-15,还行,3,1,这个团队绝对是徐克粉丝无疑了，致敬青蛇不说，蛇母不就是黑山老妖吗？这个流畅的打戏和视觉特效我想给他打电话，狐狸精那段的视觉奇观的展示真的惊艳到了，竟然弥补了国产动漫的动作戏短板，几场打戏之间区分度特别高，虽然还是结尾巨大化很老套，但看得非常过瘾。剧情上有瑕疵有漏洞，但还在可以接受的范围内。国产动画什么时候能花钱请个贵一点的编剧团队啊！
一一,2019-01-12,还行,3,5,开头一分钟的水墨和最后一分钟的西湖偶遇大概是全片我最喜欢的段落，很有古典韵味，也是为这个才进影院看的～最差的就是高潮大战了，转折突兀，煽情过度～其实国漫在技术上已经可以达到优秀了，更多的是需要在故事上打磨，打破低幼化的窠臼，以更成熟丰满的故事来面向大众，才能真正实现“崛起”～
被动王,2019-01-13,推荐,4,1,宝青坊那段瑰丽奇异充满中国妖怪神话特色的场景真的惊艳到了！而且把白娘子前传和《捕蛇者说》联系起来，多多少少有了些借古讽今的意味。【什么人妖殊途都拦不住我对你的满心情谊，大不了陪你不做人。这世上两条腿的恶人不少，有善心的好人却是难活】
redhousepainter,2019-01-19,还行,3,0,原来是白蛇前传，除了男女主角脸部表情僵硬，其他方面超过预期，有些场景按国内标准还有点cult，如果千年等一回能唱两句就完美了，哈哈
神威太太,2019-01-15,较差,2,0,故事不行啊
Billy Wayne,2019-01-12,力荐,5,11,华纳与追光动画合拍的《白蛇：缘起》，看片名，你会觉得这又是一部消费旧IP的烂片。但事实是，制作这部电影的人很用心，他们投入情感，影片也展现出情感。华纳的电影一直都注重情感和大场面，DC宇宙如此，这部也如此。这是一部制作精良的动画片，画面非常美，配乐非常美，人物非常美，故事非常美。这不再是那个我们熟知的白蛇传故事，讲述白蛇和许仙的前世：晚唐年间，国师发动民众大量捕蛇。前去刺杀国师的白蛇意外失忆，被捕蛇村少年许宣救下。为帮助少女找回记忆，两人踏上了一段冒险旅程……白蛇传的故事已经烂大街，这个前世故事拍出新意，改动最大的就是许仙，许宣不再是玉面书生而更像李逍遥。影片致敬了《新白娘子传奇》和徐克的《青蛇》，片尾无缝连接了白蛇传，彩蛋暗示有续集。这是一部好电影，真希望能盈利，才会有续集。找时间二
[死基佬],2019-01-20,还行,3,0,2.5星，单身狗和百合打不过真爱😂，感觉人脸之类的也是在尽力模仿皮克斯动画，剧情还是有欠缺，不过分镜材质节奏(打小道士那里)已经在国产动画算得上上成了。【ps:从配音来看肚兜转生成姐夫了】
寇巴亚希桑,2019-01-18,推荐,4,0,可能是我关注点有问题，竟然看出青蛇对白蛇更强烈的感情～这是百合暗线！是真爱啊！最后彩蛋是有下集的意思？boss都出了？断桥相遇时bgm前世今生响起开心坏了～连服装发饰都致敬了！
婴儿葛葛,2019-01-17,推荐,4,1,技术和审美力都很合格了。怎么把握观众的情绪，还得跟梦工厂学学。p.s.那个国师长那样，还好意思说别人是妖怪🙄
万户,2019-01-19,推荐,4,0,"画面人设还是太偏网游风了，故事和人设的话，因为白蛇太知名所以偷了懒。
结尾响起新白娘子的歌，使得本剧越发像一个前传同人故事了……

不过故事完整，场景奇观展现的也不错，尴尬的是有小孩子一起看，本片其实还蛮成人的……"
xslidian,2019-01-05,较差,2,6,"追光终于憋出一部爆品，前提是市场保持低迷，且观众还像大圣那会一样好骗。不仔细看还以为是刘阔的木偶戏。
许轩：拥有千塘伞，上天入地、断魂鳞发（fā）、转世千年都不断。
修真千年不如猛涨含涛量，超越其他改编，成功撇开白娘子的阴影。
《渡情》没署名，《前世今生》“admun.by”华纳"
Singin'in rain,2019-01-21,推荐,4,0,这中美合拍还挺不错的，找准了切入点，将传统故事的前传拍的有声有色，真正的文体两开花。画面美到极致，剧情上有瑕疵，不过还能忍，综合来看是非常优秀的国产动画了。唯一令人担忧的还是没有分级制度，像本片这样有大量性暗示，同性隐喻和一夜情场景的动画（非本片之过），其实很不适合小孩子观看，而上映时间正值假期，家长们也很难事先甄别出这部“动画片”的成色。。。
洛木,2019-01-13,推荐,4,0,三星半，★★★★☆鼓励一下。难得追光动画不仅在画面上追求完美而且剧情上也没有太大硬伤，总体上能自圆其说，情节也跌宕起伏，人物也能立得住。朝着皮克斯学习，加入狗狗使得剧情增添了几分趣味。而且也致敬了《青蛇》《新白娘子传奇》等老影视。值得推荐！
朕心里苦啊,2019-01-23,推荐,4,1,动画流畅程度不错，借用白蛇这个IP创作新故事，遗憾的是剧情上面漏洞比较多，比如师傅怎么莫名其妙的在国师死了以后就黑化，没有铺垫就显得太过匆忙了，而且中后期全程围绕着男女主角感情说事，和开头人妖两分的大格局对不上。不过对于国产动画暂时不能以欧美日本那些已经形成产业链的相对比，希望可以越来越好吧。
李大米,2019-01-23,推荐,4,0,确实不错，追光不是老板抓内容果然好多了，美学很具原创性和中国风～这对国产动画很重要，这么几年来国产爱情片最佳被动画拿下了。棒棒～成人向，光怪陆离我喜欢，喜欢小狐狸姐姐！
"杉小爱|好姑娘,咱们走起来",2019-01-17,力荐,5,0,这旧瓶装的新酒，好喝！水墨画面处理惊艳，那些如画风景栩栩如生、那些打斗的场面也是细腻；影片源于古老的故事，这次却另辟蹊径；中美合作，动画片整体制作偏美风，所以人物可能有些许熟悉感，比如女生特有花木兰的痕迹。瑕不掩瑜，片子值得一看，另外音乐也是让人心醉！
落红尘,2019-01-13,还行,3,0,"三星半
我就问 这脸是不是照杨超越画的？？"
顗禮,2019-01-12,推荐,4,3,"好虐狗啊！
画面太惊艳了，经费从头到尾都在不停燃烧，仿佛特效不要钱似的，差不多是国漫（虽然是合拍）近几年的一个技术高峰了，所以我很奇怪为什么不是3D的（不是说2D不好，只是本片的画面太适合3D了）故事方面因为本来也就没什么期待值，所以观感还不错，把《青蛇》和《新白娘子传奇》结合起来讲前传故事挺有意思，整体没什么大毛病，国漫现在就需要在寻找新的可能性的同时稳扎稳打的慢慢进步，未来可期啊！
Ps.片尾有彩蛋，不要漏掉"
皮革业,2019-01-18,还行,3,3,没想到场面这么大，还一直打，且只发2D算得上相当良心了。美术想法太多，一会好莱坞，一会中国风，还有全程弥漫的泡菜网游味，很难融合在一起，人设的风格更是接受无能，如果有续集的话，建议请个好点的设定。
幻儿,2019-01-16,还行,3,0,国漫还是不大习惯3d风哎 整体流畅 人物贴图细节还是有点糊的比如白蛇的眼影 好像古风sims4人物的感觉 狗狗的细节不错 片头片尾水墨有意境 有机会希望看到纯2d国漫水墨动画就好了
mr.left,2019-01-10,还行,3,4,"2019.01.10 新影联
3.5颗星，画风仍然是我接受无能的3D建模，sd娃娃画风真的…
对我来说整个故事真正开始好看是在许宣自愿成妖以后，妖生来就是被杀的吗？
编剧十分巧妙的给耳熟能详的故事续了一个这么有深意的前世，这种合理改编很能博得我的好感
22岁以前看的最后一部电影
"
Lsophia,2019-01-19,力荐,5,1,呵 已经上八分了 渐入佳境的作品。台词功底深厚一些就更完美了 前边稍微有那么一点点尬 。小狐狸还蛮吸睛的。如果买手办我会买小青一开始穿着连帽服的那个造型。
艾银,2019-01-13,推荐,4,3,"片尾曲响起来，忍不住泪目~
回家路上一直听着《前世今生》。
“爱到深处了无怨”这句词，真的太戳心了~
——2019.01.11"
黑白条纹鱼,2019-01-12,推荐,4,4,一部难得的性教育片：1、lala不要让男人走进自己的世界，否则原本平静的生活就会支离破碎家破人亡；2、实锤雄黄酒可壮阳，壮到许仙可以一炮掰直白素贞；3、告诉姑娘们，渣男就是可以做到炮到你，立刻露出不是人的本来面目；4、警告热衷一夜情的渣男，不要睡处女，否则炮完妹子，就算消失500年，也会找到你让你负责。
你在百花深处,2019-01-12,推荐,4,3,"电影画面做得特别美，特别逼真，从电影开始到结束，只要有女主的镜头我就要感叹一句：好美啊，看上去不像妖，而像仙女，仙女姐姐我可以😘
前半部分的剧情都很好，直到许宣自愿变成妖那里就很扯了，编剧水平断崖式下降，差点看不下去，电影用白娘子与许仙的初遇结尾，也算是HE了。
佛塔里面，小青趴在女主肩头那番话，说出来好姬啊，什么我们已经相伴了这么多年了云云，好病娇的小青。
男女主生死离别之际，男主歌声响起，女主跟唱那里还是赚了我几点眼泪的
最后还要吐槽一点，女主的名字叫小白，真的...好出戏
一个小提醒，如果怕蛇，还是慎入，因为电影做得很逼真，我这个不怕蛇的人看了都有点起鸡皮疙瘩😓"
whrong,2019-01-21,还行,3,0,其实 白蛇故事演绎的最好的 是金光布袋戏的锦烟霞和青奚宣
慕德,2019-01-11,还行,3,3,太惭愧了，为这老套的爱情故事竟然在电影院里掉了几滴眼泪……画面是真美，配乐是真煽情，故事是真不行。除了宝青坊主小狐狸还有点意思外，人物没一个立体的。#但床戏还可以# #我终于看到成人向的国漫了# #国漫是真崛起了就差个好剧本#
belltoy,2019-01-17,推荐,4,0,挺好的，鼓励一下
摇滚蓝,2019-01-23,推荐,4,0,4.5 动画好好啊，台词还有进步空间，哈哈哈哈😂
茶仔,2019-01-23,较差,2,5,吹太过了，剧情逻辑不通，人物人设单薄，我以为自己在看仙剑奇侠传+泰坦尼克号
Olala,2019-01-23,较差,2,2,剧情、人设，差的一批，看的尴尬的一批
朱古力,2019-01-16,推荐,4,0,成年人一定要去看白蛇啊，真正的中国动画2.0，这种改编方式就是对经典与当下打通的了不起的创作，打斗视觉和节奏满分，硬要说感情戏可以更好，不要带小朋友，有软情色，让人看完为之振奋
某妮,2019-01-13,还行,3,1,呜呼！孰知赋敛之毒有甚是蛇者乎！
声色画报,2019-01-14,推荐,4,2,作为家喻户晓的白蛇传故事的前传，故事编的还不错，使悲剧变喜剧，没糟蹋这个IP。人设做的不错，颜值很高，还有国产动画史上最大的尺度。
rodge,2019-01-13,推荐,4,0,画面真的很美，算是国产动画电影顶尖技术了，唯一缺点是人物的面部表情略僵，喜欢这个结局衔接电视剧新白娘子传奇在杭州西湖边断桥相遇的场景，整体作为国漫还是优秀的
Messi,2019-01-18,很差,1,1,An overrated feature
其实叫朗基努斯,2019-01-18,还行,3,0,去年神秘观影内测时看的，看之前还惴惴不安怕是小时代，片头打出来的时候我差点笑出声，感觉新白脑残粉的身份被识破了。不过看的不是最终完成版，很多场景还没有渲染，角色刻画在国产动画里算不错，就是两个主角的网红脸我真的无法接受特别是白蛇的韩式大平眉看得我出戏，最后循环前世今生好评，想指挥全场一起唱！
喝汽水的老阿姨,2019-01-19,推荐,4,1,我可能就比较吃情怀这一套吧，看到开头青白二人泡澡是致敬王祖贤、张曼玉那一段，就给我一个好印象了。然后电影改编的许宣人设我挺喜欢的，不嫌弃小白的蛇妖出身，甚至愿意化人为妖，这都比传统故事里的人物形象要好。电影画面的中国山水真的很美，就是最后boss战那里我觉得有点草率……
北叟,2019-01-15,推荐,4,0,好看
变成阳光☀,2019-01-12,推荐,4,4,看之前特意去重刷了粤语版的青蛇，前面有些东西跟青蛇很像，但核心是不一样的。好美啊，无论画面，无论爱情，纵然浮生若梦
李湘,2019-01-17,力荐,5,1,中美合作的电影。画风美到惊艳。山川湖泊的每一帧都能当电脑手机桌面。白蛇和许仙的前世故事新编也很是有趣动人。让人有了恋爱的冲动。打斗场面非常紧凑刺激。2019年新年伊始，国产动漫电影的诚意之作。满分推荐。
Mr沛看電影,2019-01-16,推荐,4,0,最好看的是那条狗。故事挺有新意，情节也很浪漫，高于预期。就是动画做得有点差。
请叫我腹黑,2019-01-18,还行,3,0,又是一部自来水安利的动画，预告片还不错，整部看完只能说有点过誉。虽然是白蛇的故事，但总觉得自己在看仙剑，尤其男主这酷似李逍遥的造型。国漫这几年确实在进步，期待下一步佳作。
星尘战场,2019-01-20,还行,3,0,略低于期望，比较完整，但是整个剧情逻辑有些牵强，唯一喜欢的角色是狐狸老板娘。结尾新白主题曲响起来的时候，是唯一被感动的时刻
半推半就的生活,2019-01-21,推荐,4,0,按照商业片标准，视效，打斗，故事节奏都很棒啊。若说各种心思不是原创借鉴百家，抄的好真的也是本事。完成了当年《大圣归来》未达到的预期。
风的飒飒,2019-01-13,力荐,5,14,抱歉，我要吹爆这部电影，上一次让我做到语无伦次跟朋友同事宣传的，叫大圣归来。国漫不是在崛起，而是在重生，我们有实力，有能力把国漫拍好！
劣者不是故意的,2019-01-17,推荐,4,0,四星鼓励分
Aiyuge,2019-01-11,推荐,4,2,戏说不是胡说，改编不是乱编。拍成这样，导演应该向全国人民……，啊？大家一致都说这白蛇🐍拍的好啊？！不好意思，说习惯了，言归正传，明年上半年，中美合拍的西游记即将正式开机，我继续扮演美猴王孙悟空，我会用美猴王艺术形象努力创造一个正能量的形象，文体两开花，弘扬中华文化，希望大家能多多关注……
囧囧的蛋逼日经,2019-01-14,还行,3,0,做的还不错，为我们90后衔接上了童年回忆。但是制作商还是有待提升，前期大场面充满了国产端游的气息，人物做的并不生动，眼神错位很严重。
Dilettante G,2019-01-15,推荐,4,1,山水优美，意境不错，机关重重也算吸引人～喟叹现实中哪得如此美景呢！？
吉光片羽,2019-01-15,还行,3,0,看完还是喜欢的，难得国产（商业）动画有一部不用拿诚意来当卖点的，因为真的做的精致。故事简单不算缺点，人设做的还是很到位的，打斗场面、法术设计像模像样，比之大鱼海棠不知高了多少。当然人物过于美型，类型元素拼贴，常常有一种割裂感，也是不争的事实。值得鼓励。
Pyako,2019-01-13,推荐,4,0,画面好看，前面节奏有点慢，后面渐入佳境
有质感的小熊,2019-01-11,推荐,4,4,哇，这部作品将国产动画电影的水平提升了一个层次。值得点赞👍👍
Harry-Z,2019-01-11,还行,3,5,"从大学时期就开始关注的动画公司，一直希望他能做出更好的作品。上次看《猫》真是失望极了，这次进步很多，特别是美术和分镜上的，然而剧本依然是软肋。首先，白蛇和阿宣之间的爱情的萌芽和发展做得非常不扎实，基石不稳，越盖越显得别扭。第二，人物的性格和行为动机缺乏塑造，小青和大boss的性格塑造很是扁平，白蛇还好一点，阿宣的人物就没立起来，只知道他是个乐于助人的好人。
我时常在想，我们拿好莱坞的那套编剧方法来讲东方的故事可行吗？东方和西方的直接热情不同，我们民族的血液里流淌的是婉转和温柔，我们动画人还得多和实拍的电影创作者多学学，大陆的、台湾的、日本的"
福仙儿大背背,2019-01-16,推荐,4,1,画面特效挺好看的，小狐狸和宝青坊的设置比较机灵讨喜，就是爱马剧情拙计。。还有强行彩蛋
少爷放了个屁,2019-01-11,推荐,4,6,情之所起，一念之间，一念化妖，一念千年，不妨不妨，来日方长。
凉拌培根,2019-01-21,推荐,4,0,8.0  小青我心疼你哇
深夜影荐,2019-01-11,推荐,4,5,真正的文体两开花…特效、配音、故事都下了真功夫，男主迷之像胡歌…2019开年第一国漫，美哉
沉因,2019-01-12,还行,3,0,一段知其不可而相依违命的前世补白。许宣算是迄今最可人的一版：无力有心的理想主义少年，以自主“降格”换取相爱的合法性。并肩战斗、拼死相护的前史，圆了白蛇一见钟情的逻辑——跨越时间的审美。缺点是奢于动作而薄了叙事，导致角色形象欠完整、动机不充分（尤其捉对作死的 Boss 们、“一文不值”的小青），转场也稍显频繁生硬。视效、配乐、配音则很优秀。国产动画，继续加油。
耳边蚊,2019-01-10,还行,3,1,最好的地方在小白发现许宣被冻僵时的两秒演技，整体很一般。虽然还是靠不知道要干嘛的偶然事件推进剧情，但剧本比以前顺畅了很多。所谓非合家欢只是因为有那种镜头罢了，还有我真是欣赏不了追光的人设。
维舍斯✖卑鄙香波,2019-01-21,推荐,4,0,动漫梗相当足
izaijin,2019-01-12,推荐,4,0,有些地方真不错，比如画面，还有结尾西湖相遇……
Schedule,2019-01-15,推荐,4,0,多一星给画面
安静疯-廖小本,2019-01-22,推荐,4,0,我也觉得小青喜欢小白呀。 捕蛇人不捕蛇，救了你回村，喜欢上你才发现你是妖，为了和你在一起自己变成了妖。最后打败老蛇妖还村民一个白净世界
葛团妹,2019-01-22,推荐,4,0,虽然剧情比较弱，而我又重视剧情，主人设其实并没有建立起来，许宣尤其，但整体还是很好的，特别山水实景，细节造型，整片实打3星半，加半星鼓励，彩蛋前面的水墨字幕那几分钟，配乐特情怀，煽情了一把
尔安宋,2019-01-20,推荐,4,0,材质建模技术已经不错了，就是人物皮肤表情还有的进步。新水墨画的尝试也不错。
无人应答,2019-01-13,推荐,4,1,故事和动画技法已经是大大的进步，比小门神和小茶壶成熟很多。但追光做的人物面部始终缺乏生动感与灵动感，故事也总是天花乱坠红红火火没有任何留白。
元首特价大酬宾,2019-01-15,推荐,4,1,“人间多的是长了两只脚的恶人，长了条尾巴又怎么样”单薄真诚，一往无前的许宣最动人。我被宝青坊主那个小狐狸精迷住啦！
litkio,2019-01-15,推荐,4,1,能看到诚意。但爱情段落太让人不适了。后段才来上些感觉（CG掩饰剧本的差劲）。最后一个来世的小设定有意思（影院一片惊呼，音乐给得也很到位）。
[未注销],2019-01-09,推荐,4,7,和《大圣归来》一样是部前传/前世的故事，有了充足的空间自由发挥。追光的第四份答卷，动作场面早已不成问题，奇观也够；一首插曲、一首片尾曲（循环播放《前世今生》），少而精。不过，叙事兼具追光和华纳（DCEU）详略不当的缺点，好在结尾怒刷存在、猛增好感。导演不是王薇，难怪。《华纳大战王微：追光黎明》
Whysu,2019-01-19,还行,3,0,主线故事难道不是泰坦尼克号？男主最后把生机就给女主，一场床戏，女主的背景高于男主，男主帮着女主重新认识自己，项链和簪子…… 动画效果做的真好～（在离着断桥最近的电影院看的，好想去丢发簪啊）
凤凰于天,2019-01-19,力荐,5,0,真是非常扎实的剧情推动功力，本以为白蛇题材已经没有啥新意了，但这部动画用精密的制作能力征服了我，国产动画需要这种。
leo,2019-01-18,推荐,4,0,可以理解为什么评分这么高，和顶级好莱坞制作还有一些差距，但论水墨古风，这是我们的主场
Sandra J,2019-01-12,推荐,4,3,四星半 很良心的经典再演绎 原创了白蛇与许仙前世的纠葛 致敬了经典剧新白娘子传奇以及徐克电影青蛇 片尾曲改编版前世今生随着许仙登场响起时真有点让人泪目了！唯一槽点是女性角色们脸部建模也太网红锥子脸了吧
段非,2019-01-17,力荐,5,0,"这个电影像大圣归来，套的是白蛇传的故事，但是 捕蛇者说 的打开方式，讲的是前世，断桥相遇的时候前面已经有一整个故事了
里面的小青，像张曼玉的青蛇，也像秦时明月里面妖媚的赤练
我看的时候忍不住跟小伙伴吐槽小青对白蛇真的很拉拉（当然并不是），而白蛇分分钟为了男人丢下姐妹，但是关键时刻她对小青还是真爱，为她暴起
许宣的设定很完美
唯一的缺点就是三个主角都很网红脸😂不过还是好看，说起来这个故事能进行很大的原因也是因为许宣是肤浅的颜狗
最大的惊喜是打斗和背景画面，很出彩
希望能票房大卖 出第二部，但是，第二部是许仙，希望别虐"
保小罗,2019-01-10,力荐,5,7,故事和特效不错，但是爱情线有点尴尬。我觉得周深的歌放在结尾会更好，不食人间烟火的情感。
灰色堡垒,2019-01-05,推荐,4,8,追光动画目前为止最佳，希望这次票房能好点吧。因为是中美合拍，所以技术堪比好莱坞，观赏性也很高，而且感觉追光动画终于找到了文化植入的巧妙方式——故事从柳宗元的《捕蛇者说》切入，男主角许宣的名字是许仙的别名，又融入了水墨画、八门遁甲这些元素，还致敬了《新白娘子传奇》。
Marvin,2019-01-20,推荐,4,0,有亮点，但剧情真的拖后腿。不能带脑看。
monica喵,2019-01-17,还行,3,2,就也没有营销的那么厉害啦，及格的动漫
承泽明,2019-01-14,推荐,4,0,改编大胆，创意十足，可贵的国产成人向动画，真正的国漫之光！最喜欢宝青坊的设定，当然，还有那只媚气十足的狐妖。影片的画风、人物造型、动作设计、场面调度、剧情节奏等都可圈可点，只是白蛇和许宣的感情线还是处理地略显生硬，中间一度让人想到了《驯龙高手》和《金刚》。不过完成度已经相当不错了，看到最后西湖相遇桥段瞬间泪目，果然“世间所有的相遇，都是久别重逢”。
张库岑,2019-01-20,未打星,-1,0,差评
Krasosmutneni,2019-01-14,推荐,4,1,男主形象很生动啊！虽然是主角救美的老套，但最后小白还是靠“记住”把爱留下？H之后有段男主急着变妖的戏份，逻辑跟不上……打斗部分逻辑又圆回来了，断桥相逢也有了说服力。有金鹤，还有狐狸萝莉彩蛋……狐狸又开始和人做生意了。
Hex,2019-01-21,较差,2,4,剧情俗套，平庸。
羊过冬,2019-01-21,较差,2,2,"睡着了，醒来的时候许宣变成了妖。
看的到国产动画的努力，但是豆瓣8分还是太夸张了，感觉得到努力在刻画静态画的美轮美奂，但是人物才是最重要的吧，女的一水超大眼镜整容脸，是因为蛇精所以弄成蛇精脸吗？所有人物表情僵硬，说话的时候基本只有嘴巴动，多在微表情下下功夫。配音也不行。两颗星。"
怪化,2019-01-18,推荐,4,0,惊艳了！国产动画！
glow,2019-01-23,推荐,4,1,诶嘛，虽然剧情简单，但是还是给我看哭了，我最不能看爱情悲剧了，一看一个哭
林一二,2019-01-12,力荐,5,6,剧作真棒，真国风～
夏天11,2019-01-15,力荐,5,4,是因为后世游湖借伞的缘分，还是因为五百年前的舍命相救，是因为珠钗掉落叮啷作响，还是因为人生不过苦多乐少。是因为那一回眸才有的缘起故事，还是因为两心相照，不问前世今生。这是一部堪称震撼的动画片，美国负责的特效和光影，但内在里的故事还是国人的那一套——问情，是委婉的，问天何其不公，是振聋发聩的，今生做人，来世做妖，人和妖之间又有何不同？天之道，损有余而补不足，是天地不仁，还是她命中有此一劫？情义两相知，小白啊，你何其有幸。西湖美景三月天，春雨如酒柳如烟，故人回眸，是新生，是重逢。
北渚,2019-01-15,还行,3,0,虽然对于“怪力乱神”和打斗场面无感，但还是被几段场景美到，宏大的美，细微的美，纯真的美，悲剧的美。以及很喜欢许宣这个男孩子形象啊哈哈。
索尔之锤,2019-01-24,力荐,5,0,超预期，风语咒中就说过了，配音不违和甚至还有亮点是国产院线动画相比网络动画最舒心的优势了，宝青坊怪力乱神的场景设计也是一绝。虽然叙事略赶，但电影完成度真高啊，这文本信息正常可以开两部电影了。动作设计颇惊艳，除了与国师徒弟那场纸鹤大战极具视觉冲击力外，高潮三方大战也拍出了难得一见的层次感，决战处至少设计了五个层叠的小高潮，这也就黄金时代的好莱坞会这么干了，有才。结尾新白娘子BGM一起一身鸡皮疙瘩，片尾彩蛋小狐妖是要开个外传的节奏。当然，最初是冲着小白小青充气娃娃般白净的脸腿和肌肤去的，小白这是正宗蛇精脸吧哪什么网红脸
梅宝,2019-01-12,推荐,4,2,中美合拍，画面很美。妈妈坐在旁边疯狂感叹这白素贞的腰白素贞的腿白素贞的xx，心情十分沉重。大量运用东方元素，设计的场景也是很符合国人的审美，当然做动画也是熟悉的故事，剧本不会升级到哪里去，倒是这个欲美欲仙的小狐狸半裸（小）酥胸，甚是迷人。
我爱你,2019-01-25,未打星,-1,0,https://www.bilibili.com/video/av40914954
Andrew,2019-01-12,推荐,4,1,故事讲得没毛病，美术概念设计也不错。各种情色擦边球非常可以，直接把这部片升级为成人向了。
养生棒棒糖,2019-01-11,推荐,4,4,故事很完整 人物很立体 画面很精致 比预期的好很多 记住那些美好的
獰貓色碾兔猻黑,2019-01-17,推荐,4,0,真的是回忆杀，新白娘子传奇倒只剩了个主题曲，完全青蛇+倩女幽魂23333蛇师傅只能让我想起聂小倩的姥姥啊哈哈哈，狗子可爱，小狐仙根本就是继《世界最后的夜晚》之后又一波足控福利。
悟一.,2019-01-13,力荐,5,6,美到我哭泣
马庆云,2019-01-12,推荐,4,0,少儿不宜
寡狗,2019-01-15,推荐,4,0,首先不是三弟就已经加分，其次这是一部面向成年观众的动画电影，并且做工精良，视效一流，美术配乐动作设计皆属上乘，实乃享受，加上世界观设定奇妙尤其是宝青坊的设计特别具有邪典色彩，人设也十分讨喜，配音舒服，台词不膈应，这在国产片中已经实属难得，更让人惊喜的是成功的改编了一个中国人耳熟能详到诸如《白娘子，小青，小倩》等的传统志怪爱情故事，既不俗也不脱离现代价值观，实在是好好的讲了一个故事。
cenxuan,2019-01-15,力荐,5,5,但后面那段 就我哭的跟个白痴一样。还好 看的上午场 电影院没多少人。。。               电影🎬的画面真的很美 歌曲好听 故事简单却动人 再一次觉得 有转世的说法 真是美好的事情。。。
セシ♪,2019-01-08,推荐,4,3,美術非常棒，中規中矩的愛情故事。
铅纸鹤,2019-01-23,推荐,4,0,我好像那条狗啊
安泽,2019-01-17,推荐,4,0,剧情的确还是有些简单跳脱，但画面美得没话说，国产动漫加油↖(^ω^)↗
Veronica,2019-01-22,还行,3,0,名副其实蛇精脸
韦肃,2019-01-14,推荐,4,1,给国产动画一个建议，回归二维世界吧，那才是讲好一个东方故事最好的基础。
毛病小精灵,2019-01-19,还行,3,0,转变为成人向的画风这个决定很聪明，让人不忍苛责！
Cherian,2019-01-13,力荐,5,7,太棒了！杭州城音乐响起的一瞬间眼泪夺眶而出啊。喜欢艄公突如其来的唱歌、取一样物事和小狗变姐夫的小细节。小狐妖说取物事的时候丁不三说，那不变成人妖了？！
步惊云的理发师,2019-01-15,力荐,5,3,"五星值得。
真的真的喜欢这部片子
可是，小白，你找到的还是那个给你取暖，为你变妖，护你避冰剑的许宣了吗？他现在不过是一介懦弱无能的医师了，在法海的威胁下，把你出卖了个干净……"
竹外凉真,2019-01-19,推荐,4,0,画面非常好看。剧情方面，一下子想到仙剑，一下子想到泰坦尼克号，一下子想到大鱼海棠。结尾彩蛋买了一个坑。
看漫画的怪蜀黍,2019-01-20,力荐,5,2,别的不说，片方既然已经拖档了，为啥不干脆拖到情人节上映，这个点上映你票房能火才是奇迹，顺便说一句，看到差评区各种三观不正我就放心了
吃瓜路人,2019-01-12,推荐,4,4,这部动漫颠覆了此前追光动画作品的低幼属性，主打成人向，但缺点依然很明显，剧情转折相当突兀，很不连贯，但还是值得电影院一看。
米琪雅_Misia,2019-01-22,还行,3,0,画面一流，即视感太多，结尾新白上线真是最大心机。对了蛇母明明挺好看的，怎么是个智障…………
脑子烧坏骚年,2019-01-21,力荐,5,0,说白蛇是蛇精脸的，等等，她一正版蛇精不是蛇精脸难道还该是性冷淡大方脸不成吗？
七里八里,2019-01-23,推荐,4,0,美术还真不错，漂亮得很。
Fonic,2019-01-13,还行,3,0,没有特地搞3D还是不错的，但是剧情老是苦兮兮的很蛋疼啊～  
bluecoat,2019-01-21,还行,3,3,一流的画面，三流的故事，很多情节都太过生硬。拿了白蛇一个瓶子，装了一部仙侠超英片。唯一那点神韵是阿宣船上那首歌，加一星。
莫呼洛迦-屁股上的青春在歌唱,2019-01-18,推荐,4,1,美術和場景真的很棒！可能是一直對國產動畫完全沒有報以任何期待的關係 這部片反而讓我倍感驚喜 寶青坊的那段實在優秀 雖然還是會覺得某些轉場和鏡頭有點生硬 不過總體來講 已經非常好了！
令狐漢叁,2019-01-19,推荐,4,0,意外地还不错…成人向的部分都不错；老狐狸和青宝坊的设计大妙；虽然切入点是失忆梗，但人妖之辩不婆婆妈妈；还调侃了船夫调子，憋到片尾曲才上经典旋律。在杭州，发现对这段故事还是有情怀的～
唯爱哈察苏,2019-01-11,力荐,5,10,吹一下吧，看预告:5毛游戏质感，看完正片:真香！
一位少男,2019-01-12,力荐,5,4,缺点和优点一样明显，但不管不管，试问哪个人不喜欢白素贞的一切呢？！国产动画鼓励星一颗！
cat,2019-01-18,推荐,4,0,想想就痛心 许宣这么美好的人 转世却变成了许仙那个窝囊废
危小生,2019-01-23,力荐,5,3,那些说白蛇突如其来地脱衣服情节太突兀的人，你们是有多麻木。在此之前，许宣救或作势救了白蛇6次，你们看不见吗？第一次，不用说，从水里救起，白蛇看了他一眼就昏了过去。第二次，从两个士兵手里，以命想搏，杀了同类（蛇认为是人皆恶，但许宣为了救他，杀了自己人）。第三次，常盘冲过来，许宣明知是找死，还冲了上去（画面特写，巨大蛇口下一个小身影。这次白蛇为了救他，情急杀了同类）。第四次，怀中暖身。第五次，青蛇过来，许宣下意识挡在前面（也是明知打不过。前提他怕蛇，也知道对方是蛇妖，狗跟灯笼衬托其勇）。第六次，地府机关。这几次已经让白蛇忘了人妖殊途，而且他们都是在做“不想做但不得不做”的人，这也是他们心有灵犀的地方。你们非要导演来一段肉麻的台词才看得懂爱情吗？
金正昆,2019-01-14,还行,3,0,“国漫崛起”也喊了好些年了。当初对《大圣归来》充满期待；《大护法》的寓言叙事有所突破；《大鱼海棠》根本没看；参加了《风语咒》点映和导演见面会。所有这些都仿佛差一口气。想要“崛起”无非两点：一是美术，二是叙事。以目前的技术手段，美术层面几乎没什么问题。然而成片的造型、场景设计不够统一，不知是不是协同作战的关系。偶有佳句，实难成篇。从传统故事中取材理当如此，现代化诠释要慎之又慎。这次“白蛇”的故事几乎脱离民间传说，属于前传故事。反而最后游湖借伞的水墨连环画颇有古风，之前的冒险叙事混乱。不如好好讲讲“观音断指化白蛇”。
shirak,2019-01-19,推荐,4,2,大大超出预期，光怪陆离，景致惊艳，除了人物动作仍有掉帧的感觉，其他方面无可挑剔！
qhy15,2019-01-19,推荐,4,2,画面精致，打斗华丽，故事和设定中的中国元素很棒！但是主角脸太迪斯尼了，妖怪脸又太魔兽争霸，很出戏；剧情转折感觉又有点生硬，像看了国产大型单机游戏的cg合集。最喜欢狐狸的片段，人设棒，场景像致敬了哈利波特的魔杖店。片尾曲大赞！
留白,2019-01-12,力荐,5,7,"看完就想说真不亏我顶着大风骑20分钟车子去看哈哈。
画面很美，完全就是一副中国水墨画。故事虽然是很简单的人妖相恋但是比之我们相熟的白蛇传是另外一个全新的故事，叙事流畅。总体很不错！
看完电影3个小时后才知道有彩蛋，感觉自己又错过了一个亿………………"
嘛哭当拿路哆,2019-01-13,力荐,5,3,那音乐一起就哭了，白娘子可是我初恋…；不过动画演出起伏明显还得加油！
Morty.,2019-01-13,推荐,4,2,画面好美，剧情和台词真的是硬伤  希望国产越做越好👏
qi神马,2019-01-11,推荐,4,3,第一次为这个故事而感动，成人向没什么不好嘛，追光真棒
满江红,2019-01-19,力荐,5,0,1、出乎意料的国风动画典范。2、想象力出色。3、画风不拘一格，水墨画活用于三维动画之间毫不违和。4、中国古典元素嵌入巧妙，奇门遁甲、道学方术在片中表现得很灵动。5、几场大战都非常有想象力。6、许仙的前身许宣人物塑造有少年气。7、狐妖美术设计有突破，青坊的各类道具设计也非常有创意。8、各类机关都是源于中国古典文化元素，真是用心了。
身居地狱求杯水,2019-01-08,还行,3,1,特别混搭，精良的制作、罕见的cult场景和一些很独特的创意下包裹的却是一个充满套路少女心爆棚的故事，比较可惜。
小旋风,2019-01-12,推荐,4,1,剧情拉回白娘子许仙的前世今生，有效规避了“改编不是乱编”的六学警告，勇敢果决的许xuan偶遇误入凡尘的小白，奋不顾身的爱情故事，倩女幽魂版铁达尼嘛，有点意思~ 古风满满的美术设计，精致的视效，动人的配乐，9102年的国漫之光！
娑羅(Solo),2019-01-14,推荐,4,3,对于迪斯尼、梦工厂、吉卜力、BONES这样的巨人，中国动画就是刚学走路的幼童，目前二者还不是一个量级的选手。本片仍然有许多暇疵，如面部表情不够细腻柔和、故事逻辑经不起推敲、爱情铺垫不够、尴尬台词没有融入感、反派标签化人物不丰满...但是，勿论配音、动作、构图、豹尾等优势，其长期被人诟病的弱智剧本，还有低幼市场指向，追光都突破了原有的自己，就单能突破自我继续成长这一点，就配得上支持与鼓励。中国动画之路不易行，能屡败屡战并不断挑战自我极限的作品都应获得理解与称赞。低幼不通就打成人牌，追光没向巨人们学习两者兼收老少通吃，这一次总票房上估计又要悲壮了。路漫漫，希望你们挺住，早日冲出黑暗追到光明。
木光,2019-01-22,推荐,4,0,“一时欢情，我记了五百年”、“人间多的是两只脚的恶人，多条尾巴又怎么样”。画风太赞了啊，这种画风还看什么打打杀杀的，麻烦拍一部几十集的恋爱剧，谢谢。
木水,2019-01-20,还行,3,0,从故事情节和人物动作设计来说，值得推荐一看，3.5星。
Rachel,2019-01-13,推荐,4,1,真的超级美，中国的美，尤其结尾那段水墨；剧本薄弱老套但总算流畅，没有太明显的bug，比我昨天看的大黄蜂好多了；打斗很好看；人物的脸像打了玻尿酸，珠钗的塑料感太强；成人向动画，希望不会被脑残父母举报色情；致敬了青蛇和新白娘子，很多地方让我会心一笑；相比许仙，我更喜欢电影中许宣的性格；宝青访的设定超级精彩。
沉潜的松枝爵,2019-01-20,力荐,5,4,看完就脱单了，必须五星
竺.不二.哼哼,2019-01-17,还行,3,0,也就那样吧，一直想着徐克的小倩
雪中来客,2019-01-14,推荐,4,0,场景很美很好看，画面意境非常有中国文化韵味。毛发衣料光影的渲染都很细致了，国内的三维进步很大了，有一些动作上男主角色稍显僵硬，整体还不错，变妖以后很灵活。故事在前面看过来都觉得有点老套的仙人爱情，但是没想到最后故事高潮时候前面的回忆一来真的要泪目，忽然想起了凤凰和锦觅，还挺不错。国产动画人很不容易，这部故事在最后算过关的，鼓励支持！作为就在杭州的人，更加支持下。
猫步小D,2019-01-06,还行,3,1,整体动作都很干脆利落，这点看得比较爽。最喜欢两蛇大战国师徒弟那场，双蛇旋转进攻镜头很帅气。被画面惊艳，有华纳的加持效果美炸天，场景几乎做到每帧都可以做壁纸了。声效很有好莱坞大片范儿，配乐比主题曲好听。喜欢小狐狸的造型，迦叶阿难两个跟班有点像汤婆婆的三个人头。印象最深是蛇尾间仰视白蛇那个镜头，构图很带平衡美感。可惜台词把简单的剧情太直白地说出来还是尬尬地。几个转折点又没有表达清楚就突然一个特效强制进入下一幕。许宣原型是李逍遥咩？和白蛇的感情铺垫也没有到位就人妖合体…白蛇使劲抓着许宣不放手这场仿佛看到导演内心满满的我执。片名和结尾彩蛋都很明显地铺垫第二部。现场观众看得挺开心，最后《渡情》曲调一出后面的女孩们莫名就嗨了…所有笑点都在肚兜身上。4.8+.05鼓励分5.3
影想家 Hugo,2019-01-13,还行,3,0,6.0 / 之前就祈祷王微只要不做导演编剧什么都好，所以当然要多一点鼓励了，这简直就是追光目前为止最佳嘛。承袭了《大圣归来》的思路，但是不仅故事停留在 1.0 时代的爱情故事，画风也中西混搭，连有点让人惊喜的宝青坊段落也不过是意料之中的桥段，反而是最后西湖相遇的几分钟比前面更好看。
runnytone,2019-01-23,力荐,5,0,画面挺好看，致敬了泰坦尼克。人设受限了，白蛇的人设实在老套。
风满蜃气楼,2019-01-15,还行,3,2,画面不错，有几个场景还挺惊艳，但莫名让我串戏阴阳师…剧情有点生硬，人物都是网红脸蛋身材，美瞳大眼尤其违和。最后西湖那儿致敬老版电视剧还有点小戳。情欲戏部分我前排的家长拼命捂小孩儿眼睛，小孩拼命挣扎想看233
朝阳区妻夫木聪,2019-01-14,较差,2,2,唉……追光啊追光，还是算了吧。
科技吃土豪,2019-01-18,推荐,4,0,放到全世界整个动画工业中他是不完美的，但是在国产动画中，绝对是相当有技术水平的
朝与同歌暮同酒,2019-01-13,推荐,4,2,故事性太一般了，一点转折都没有的平铺直叙，看的有点没劲，当然画风和视效是值得表扬的，漫天的蒲公英浪漫到掉眼泪，国漫继续加油吧……
水寒344,2019-01-14,力荐,5,2,好看！
糯米团,2019-01-17,推荐,4,0,画面很美很美 有被惊艳到 片尾曲 满满的回忆杀 
小金子,2019-01-13,推荐,4,4,果真，当我们一心一意只讲一个角度的时候，就会收获专心致志带来的美好！可惜故事起伏差一点，好几个坑也没填满，但是瑕不掩瑜，值得一看！
洛可可,2019-01-17,很差,1,0,唯一说人话的就是那条狗了。
文森特,2019-01-17,还行,3,0,没什么期待，所以也没什么失望，但却有惊喜。白蛇的故事典故很多，左右逢源，故事创作可谓用心，经典段落的呼应处很是动人，但也有年代的局限性，还是讨好了以80后为代表的观众层。人物形象设计不古典，很网红。而且人物的物理设定和生物设定都不足，动作表情还是生硬。场景设计很漂亮，细节也好，但太多地方都太实了，很像游戏场景，还没有塞尔达的宏大意境。我看到的有趣的点都是邪点，比如小白动不动就露出的光腿，比如小白和阿宣直白的脱衣交合，比如小狐妖的酥胸微露与小狐妖猥琐手下与小狐妖的暧昧互动，比如阿宣成妖时暗示被阉等等，充满别样的趣味。所以这部动画片很可能通不过PG13的分级，差不多到R级了。叫上伴侣和闺蜜看吧，别带孩子了，会尴尬。既然是拍给80后的，80后高兴就行了。
豆瓣机器人,2019-01-13,还行,3,0,动画效果优秀。身份，记忆，人妖恋经典困局，许宣变妖不同以往。《白蛇传》被演绎过百十个版本，以流行文化作为切入点的还真不多。新意有，思考不足。
段郎RockDuan,2019-01-08,推荐,4,3,"超前看片会。
画质过关，剧情有中国人共同记忆。
真的很色气满满啊！"
小崔,2019-01-13,推荐,4,0,捕蛇者说+白蛇传。画面唯美，剧情弱智。三星半。
好美的美好,2019-01-23,还行,3,0,7分 橙色的银杏林，重峦叠嶂的山峰，飞流湍急的瀑布，漫山遍野的蒲公英，景色真的又壮阔又动心。机关玄妙的宝青坊还有一头两面的小狐狸都好有趣，唯一不足的在于故事的逻辑性。男女主感情迸发铺垫不足，突如其来的吻戏还有之后的东西都让我感觉很错愕。男主被冻成冰块吸走本来是很感动的情节，但是那个画面却让我有点搞笑。总体还是非常赞的，结尾擦肩而过的对话，超有感觉！
Santorini,2019-01-15,推荐,4,0,人间多的是长了两只脚的恶人，长了条尾巴又怎么样。
今天道,2019-01-12,推荐,4,2,钗子作为麦高分起了好几次作用，这是不应该的，最后的离别全无戏剧压力，成为煽情段落了。尾巴的断桥相遇用来笑场用。主要人物表情太僵化，口型对不上，让观众了无法代入，女主不能是邪眉，这是比大场面更难做到的技术问题。总之是好动画，也有不足。一切市场不如意，观众口碑不足，归根到底是制作技术问题。
柳樂優彌,2019-01-12,还行,3,0,画面和制作真的很良心，国产动画还是有救的，之前剧情不是我喜欢的类型。
穆子衿,2019-01-12,推荐,4,3, 剧情说俗套也不俗，算是《白蛇传·前传》吧，小白暗杀失败失忆后被一个叫做许宣（这名字～）的捕蛇人给救了，这个许宣还为了她变成了妖，最后肉体消散，魂魄寄于珠簪之上，影片最后终于回到了正常的《白蛇传》镜头。看好多人都在说有没有彩蛋，负责任的说，有，而且和第二部有关系。说回影片本身，制作场景真的加分很多，捕蛇村外山谷的红叶，飞扬的蒲公英，小白飞身上瀑布的动作，狐妖在宝青坊里绝对是国漫翘楚。服装设计也很细致，尤其是狐妖那件，大唐盛世之雍容华贵扑面而来，娇而不奢，艳而不糜，风情万种，看好多人都说是借鉴了和服因素，其实这种唐风才是和服的鼻祖。动作和面貌细节刻画超细腻，很期待第二部啊，国漫崛起有希望了。
月薇澜,2019-01-17,推荐,4,0,动画效果真的赞，各种宋代水墨写意的清淡之美。目测还有第二部，这个应该是《白蛇前传》。
慕詩,2019-01-18,推荐,4,0,老酒新瓶但确实不错，画面精致。
JasLee™,2019-01-13,推荐,4,1,wow画面真真惊艳到了。后续，二刷，1.19武汉主创面基，混到凑齐导演签名的海报（最喜欢色彩最浓烈的那张），就指着大卖，说不定能升值？？？
业余左后卫,2019-01-23,推荐,4,0,不错，可以有四星半，合格的前传。画得很漂亮。居然国漫出现了XXOO的剧情，虽然短了点。但我觉得从片子本身来说还是大鱼海棠更好看一些欸，比大圣归来好一些。20190123@幸福蓝海刘行店
Evarnold,2019-01-20,推荐,4,0,是截至目前与白蛇传说有关的最好看的电影作品。不过中国三维动画的短板在本片同样体现得很突出：1.动作戏流畅度不够，人物运动的物理可信度与国际相比还是有所差距；2.三维人物与环境、物品的互动缺乏质感；3.在有一个不错的故事框架下，剧本里令人信服和动容的细节的量和密度不仍然不够；4.导演技术跟不上预期的情绪效果。本片观感上不如追光动画的前作，始于它过早自信地开始尝试讲述主角是人的故事，现在来看还需要磨砺一下，不过未来实在值得期待！
D.K.Xu,2019-01-16,还行,3,0,人物建模的网游感太重了
星辰碎,2019-01-21,推荐,4,0,剧情有可看性，画面蛮精良，打斗很流畅，配音也入戏，是不错的国漫了。PS：小白和小青才是真爱哇
Doreen,2019-01-25,很差,1,2,融合了玛丽苏 绿茶婊 大鱼海棠 环太平洋以及灭霸 功夫熊猫等一些列风马牛不相及的作品为一体，还穿插了少儿不宜画面的剧情看得我旁边的小学生只犯尴尬癌的垃圾电影，画面再精美绝伦颜色再鲜艳亮丽都无法掩盖糟糕的剧情，豆瓣打分真是越来越不准了，难道现在玩豆瓣的都是初高中生了吗？！
沙丘涌动,2019-01-18,推荐,4,0,剧情其实一般，主题是爱情，但却是那些说烂了的情话，用烂了的套路，不过画面确实不错，再多给一颗星
Marco 王,2019-01-21,推荐,4,0,整体人物形象和故事稍有点美式之外，古中华元素做的还是挺美轮美奂的，结尾马上立刻绝对上四星～啊啊啊啊啊 啊啊啊啊啊
祖国小花朵,2019-01-19,推荐,4,0,好美的中国风 期待2
风雨骑老师,2019-01-15,推荐,4,0,三星本体+一星国产动画加成分。白蛇传混搭《捕蛇者说》，斗法构思和表现非常亮眼。作为国产动画尺度意外的大，香艳场景和杀戮段落比比皆是，尤其是工坊的美足狐妖姐姐，昆汀看了也要社保。音乐和场景同样赏心悦目，尤其是最后一段，当二人回眸，《青城山下白素贞》响起时，颇有《你的名字》跨越时空的纯爱感。不过动画还是有很多可改进的地方：人脸建模和表情略生硬，前半段情节推进得太突兀。不过这依然是一部值得去影院一看的动画，不因为鼓励，而是本身的质量所向。
cult,2018-12-28,推荐,4,6,"三星半。比较惊艳的是场景和造型设定，在不失传统特色的情况下，适当融入了一些东瀛风情，比如宝青坊的小狐妖，《甲铁城卡巴内瑞》“和服无名”既视感，且人狐双面头的设定挺有趣，服侍狐妖的两个笑脸侏儒，印象也尤为深刻，俩人抱腿爱抚的猥琐神态，甚至让人想起《富美子之足》中的两个痴汉，这个设定绝对有某种恶趣味玩梗的意味。
特别喜欢小青的铠甲装战服，气质媲美《真·三国无双》中的女武将，英姿飒爽又不失妩媚，脸部偏青绿色的妆容和灯光设计更是颇有味道，性格塑造也接近于想象中的小青，是全片最喜欢的角色。
总体来说，片子方向是对的，也特别强化了属于创造和延伸的部分，或者说工业的层面，这体现在了上面所提及的世界观和造型设定等比较硬核的环节上，它直接决定了这版白蛇故事的面貌和气质是否新颖，从这角度来说，追光这次做得很不错"
Josephine,2019-01-22,推荐,4,0,说是今年最好的国产动画片也不为过
田野与影像,2019-01-15,力荐,5,1,故事很不错了。就是不知道那个道士到底是个啥。
Mamacita117,2019-01-13,推荐,4,0,这基本上就是一个为我国最新的税改政策建议建言的电影，结合最近地方两会召开颇为应景，捕蛇抵税像是最新的个人税务app，有点复杂繁琐你还不得不搞，不牢固树立舍得单身狗的意识，不坚决贯彻赤裸上阵冻成狗的觉悟就是属于站位不高，随后你就有佛塔下“津贴”蛇“睡”，满天飞舞逍遥游，这类典型经验精彩纷呈，逻辑鲜明，至于后面那种挑动群众斗群众的事儿我压根不懂啊。两个亮点重点表扬，一是男主叫许宣而不是许仙，这是警世通言不是义妖传；二是完美复刻新白娘子传奇断桥一幕，《前世今生》一响，情怀又璀璨了起来。多给的分数是因为董小姐的眼泪，“铁达尼”大法好，谁用谁知道！挺想吹一下这个片子，追光目前生涯最佳了。
槑槑,2019-01-19,推荐,4,0,画面美哭😭   剧情发展太快了   感觉阿宣魂灭的前段是在致敬泰坦尼克
douban麦兜,2019-01-18,未打星,-1,0,为什么非要搞个哭唧唧的故事呢...王祖贤的聂小倩和刘亦菲的小龙女，她们的萌点不是哭唧唧...搞ACG，人设让人喜欢真的很重要。
毋忘离别绪,2019-01-17,力荐,5,0,多一星鼓励分，其实可以跳出这种框架，多一些怪力乱神的故事。现在的国创动画远远超出了我的预期，挺惊喜的，有种看亲戚家小孩出人头地的心态，不是自己生的，但也很骄傲。
迷。,2019-01-20,力荐,5,0,"《白蛇：缘起》自干五安利你们去影院看这部动画片，真的好看哭了

水墨画风不要太柔情，油纸伞和渡船梗完美点亮情怀，最后一幕《前世今生》响起简直全身鸡皮疙瘩
虽然妹子长着一张迪士尼公主脸，男主角性格也有点迪士尼王子范儿，但故事讲得很圆，总算没有像之前那些国产动画一样逻辑孤儿逼死我这强迫症

另外请问这部电影有宣发吗？听说和《闪光少女》是一拨人？[微笑]微博上几乎没看到什么讨论，听说票房也很一般，捉急

顺便给个参照标准，我本人给《大鱼海棠》一星，《大圣归来》两星，《白蛇》五星

中国还有那么多神话故事和传奇，希望还能看到更多更美好的片子呀❤"
Citrus,2019-01-10,还行,3,4,全片最棒的几秒钟就是 蛇大哥用水瀑围住主角时 那一幅定格的山水画 以及此时响起的琵琶声 很短但绝美 至于其他 不及这几秒了
夏之轻寒,2019-01-21,推荐,4,0,"画面和人物都很唯美，打斗效果大片级。
喜欢白蛇和宝青坊的狐妖。
这部明显是前传啊，期待后续。"
杨智,2019-01-20,推荐,4,0,人物动作有点尬，扣一星。别的都好。
井戒,2019-01-24,推荐,4,0,故事性比追光之前的作品强多了，角色设定有讨喜之处，借鉴青蛇和倩女，画面也好看。不过和风语咒共有通病，很网文，同样的内容一旦是真人绝对没有动画片的效果。白蛇也是个大IP，这几年不断翻新的速度快赶上西游了。小白也是心累，第一世折了一身修为，等了500年最后依然不得善终，还不如和小青缠缠绵绵到天涯呢。国漫越来越成人向是好势头。
無色,2019-01-23,较差,2,4,前半段真的看不下去...台词和逻辑真的让我忍不住想笑和吐槽。真的时刻穿越风语咒。虽说再国产中算不错了（也是高分的原因）但真的客观来看到不了那么高的分吧...优点当然有，远景的风景做的很漂亮，也很喜欢小妖精造法器的那一段。btw地道密室那里真的全场笑翻天哈哈哈哈。
丛二,2019-01-23,推荐,4,0,白蛇故事的演进就是一部妖人之变与女性意识的进化史，这部电影是一次全面倒退，撇开青蛇后产生的性与性别/族别反思，变成了现代思维包装后简单粗暴的恋爱脑古风古偶戏。惊喜来自中国风元素的全面运用，与娴熟的偶像剧讲故事技巧，国产动画的大进步。场景设计比人物设计高十倍，世界设定很崩乱，在流畅的恋爱戏里不明显，但很怀疑续集能否讲圆。
Colman,2019-01-12,还行,3,0,真正的蛇吻
仍等你,2019-01-11,还行,3,1,及格吧，剧情太简单，而且故事发展节奏很奇怪，中后期没有了明显的掉帧
g9421,2019-01-13,还行,3,1,国产动漫确实在不断成熟，但这种商业化的取向却在不断远离真正的中国趣味，除了对IP的情怀消费，又与美日的二流动画大片何异？
友藏君,2019-01-12,推荐,4,3,还蛮不错的，画面非常唯美。就是主角说话的时候面部表情还是有点僵硬。但整个故事讲的挺好。男主对那些八卦阵还有星宿的了解不像是村子里的人（感觉这块儿应该再铺垫一下），然后国师徒弟的手有点粗糙感觉不符合人设（但很喜欢在坐骑上漫不经心的看手这种细节动作）。以及500年后分男女主角颜值服装都飞升了。最后一句女主真的长得好像小戏骨那个演员。
小龙同学,2019-01-17,推荐,4,1,"期待了很久，终于看到了《白蛇:缘起》。画风自不必说，追光动画的画面从来都不担心。这次的的原创故事尤其让我满意，风格上很统一，就是很纯粹的东方故事，与画面、音乐都很一致，非常融合，没有之前某些电影东西方元素大乱炖的感觉，实在很难能可贵。一见倾心的缘起或许只在动画里才能如此让人心折，不生疑虑，只是醉心于它的纯，它的美。音乐配的真的，无论是借主角之口呈现的插曲还是周深演唱的推广曲，与电影整体的极致浪漫的气质都高度融合。让我滴泪的情节是二人乘伞遨游:如果说两个人一起看月亮是浪漫，那两个人一起站在水中看月亮就是极致的浪漫。同理，二人携手飞翔是浪漫，那么二人携手撑伞遨游则是极致的浪漫。
虽然口碑在外，心理预期已经很高，但看到影片后依然无限惊喜和感动。有情怀但不卖弄情怀，实乃国漫真君子"
小菲二二,2019-01-24,推荐,4,0,小白的脸也太像是殷琦+杨超越了！！！
啊砸,2019-01-20,很差,1,1,......
轻狂书生,2019-01-10,力荐,5,12,卧槽，以为是个蹭IP的烂片，没想到完美承接白蛇传，这对CP我站了！特效没槽点，小白，小青，小萝莉，都好喜欢！！
路易十七,2019-01-16,力荐,5,0,划时代级别的国创动画电影，叙事完整不像大圣归来剧情不够抖包袱来凑；国风元素应用出奇的新颖，根本不像前一阵子老谋子那样形而上牵强附会；细节详实故事逻辑合理，人物塑造足够精心因此十分讨喜；最后的煽情戏虽然略套路，但依然阻止不了影院里响起此起彼伏的抽泣声，其中也包括我在内。
venusloveme,2019-01-15,较差,2,4,除了开头结尾，中间剧情硬伤太多，美学风格也是开头结尾好
Christine,2019-01-22,推荐,4,2,阿宣比许仙好太多了吧 所以转世就是不靠谱
Amay,2019-01-23,力荐,5,0,终于又有好看的国产动画片了！额外加一星！
苏白墨,2019-01-11,还行,3,2,女主人设太单薄，基本没有个性展示，男主恋爱脑，反派智障，为了结尾的叶童和赵雅芝啊不，许仙和白娘子＋一星，跟着哼了起来
林落葵,2019-01-22,力荐,5,0,"我对这类古典爱情故事真的抵抗力为零，更何况创作团队对于整个故事的改编和结尾的架构完全构建在了我心上，仿佛那个故事刚好被填完整了一般，被补上了某个缺口。对，在我看来，缘起已经完美地解释了这一世白素贞的愚爱，因为小白记得啊，她记得那个为了她什么都可以做的阿宣。
希望《白蛇·缘起》能获得资本和更多观众姥爷们的青睐🙏🙏
太期待第二部会怎么处理情节了
8000万*3＝2.4亿的回本稳了，第二部静候佳音❤"
陈幻翔,2019-01-18,推荐,4,0,《白蛇：缘起》是最早被我看衰的动画电影，原因无非是觉得白蛇题材的一次次被透支以及对当下年轻人是否还相信纯真炙热爱情的怀疑，甚至观影开始时还带有某种不怀好意的内心嘲讽，例如小白小青的蛇精脸傻傻分不清；又见水墨风的重复感；开头段落有与《伯恩的身份》相似之处；村落戏有些许低幼感等等，但接下来的剧情铺陈让我不断由黑转粉，直到看完后大呼过瘾，至少我觉得里面的爱情片段很动容，感受到了院线电影中久违的真情实感，几处脸红心跳的性感片段处理大胆，勾得人心痒却并不猥琐，实属难得，剧中反派人物的造型与斗法之奇特、场面之宏大、想象力之丰富真是动足了心思，人物动作也是生动自然让人惊讶，应是近几年看过的国产动画里，个人最喜欢的一部了，至于那些认为剧情混乱不清、性感戏为了成人而成人、主角ML片段不分场合让人难以接受的负面
郭子,2019-01-19,推荐,4,0,追光有了华纳帮助后，故事和特效明显进步了不少，而且还加入了成人元素避免了低幼。虽然故事的感情戏稍显薄弱，师父的转变也缺少铺垫，但开头的《渡情》和结尾的青城山下白素贞都有挺感动，可以说是追光最佳动画。
句号,2019-01-22,还行,3,0,剧本虽有不足 视觉效果很赞
康我,2019-01-14,还行,3,1,变妖那里我不能接受 ，片尾曲好听。
Miss Curiosity,2019-01-15,力荐,5,0,啊～经费在燃烧～
