user,star,eval,content,votes,date
刘康康,2015-04-15,一开始是《辛德勒的名单》，中间是《色戒》，后半部分是《西西里美丽传说》，最后是《名侦探柯南》#好像混进来奇怪的东西了#,还行,3,264
咱说,2009-05-17,中国几时能拍出这样不虚伪地反思二战的作品呢，我爱上这个女人了了了。,力荐,5,252
bba,2009-03-09,"每10分钟剧情就来一次大转变,这比较强",力荐,5,238
战国客,2009-01-21,没法不联想到色戒，不过这部是彻头彻尾的情节片，没在文艺上纠缠。另外，女主角很好看，不单单是相貌上的~~,推荐,4,169
安东妮,2009-02-10,多浅一电影，要心理没心理要细节没细节。豆瓣的评论和电影一样二,较差,2,165
boks,2009-01-08,长篇小说的质感，真是一波三折、令人唏嘘,力荐,5,170
左思,2008-06-20,2008-6-19看毕，非常的经典，比色戒强很多倍,未打星,-1,113
大xu,2009-12-14,实际上，所有人都憎恶战争，除了旁观者,推荐,4,121
Doublebitch,2011-11-16,正与邪，善与恶，在战争的大背景下全部模糊，战争中从来没有好人与坏人，只有强者和弱者,力荐,5,80
satan,2008-06-15,我就想推荐大家看看主角穿红裙戴红花唱歌那一段。,推荐,4,75
托尼·王大拿,2012-05-29,即便是讲述一个发生在二战时期充满阴谋与复仇的故事，范霍文的片子里也少不了情色与杀戮，然而他将这些元素作为陪衬，打造出一部环环相扣伏线千里的大戏；某种意义上本片有点像荷兰版色戒，但个中曲折更加虐心，几乎可称做女主角一个人的史诗；结局隐晦地点到巴以冲突让这个光明的结局又蒙上一层灰尘,推荐,4,36
Lan~die,2009-12-29,绝代尤物。“风声过后，世间再无传奇”用在这里才合适。那句与其选择子弹不如投降恐怕会是大多数人的选择。,推荐,4,56
安娜·艾玛莉,2012-09-26,所有打三分以下的都是看的删减版嘛？其实是多美好的片！！！女主与德军上尉第一次的时候眼睛好漂亮>///<上尉大好人我的菜！。。结局在半途有点眉目，但合情合理的伏笔和对小角色剧情的适当渲染是成就了一个还算出乎意料的结局。。Carice演女主好不容易的！别再说她胸部小了其实很漂亮Q_Q,力荐,5,37
UrthónaD'Mors,2009-04-11,有些地方看到了文革的影子,还行,3,75
易老邪,2016-06-01,精彩淋漓的佳作。本片开局平平，但随着故事的展开变得越来越是精彩，剧情一波三折、峰回路转、起伏跌宕、高潮迭起，如倒食甘蔗、渐入佳境。叙事更是干净利落，绝不拖泥带水。且始终扣人心弦、引人入胜。结尾一切复归于平静，令人不胜唏嘘感慨。正是：来如雷霆收震怒，罢如江海凝清光。4星半，强力推荐,力荐,5,34
LORENZO 洛伦佐,2010-11-23,看过的最好的荷兰电影，悬疑迭起，险象环生。对于我这种剧情控，实在是不可多得的好电影。极度推荐，这是了解荷兰人和荷兰历史的一扇窗，同时也是一部剧情几乎满分的电影。,力荐,5,30
美卡 mecca,2007-05-17,德国的电影仿佛有许多和二战有关联。这个本来就以为是简单的西施式了。后来的悬疑与阴谋给整个片子加了不少亮色。尤其是女人的坚强柔韧不舍地一边逃离一边洗清罪名。本性的善与恶，个人与群体，所谓的利益与冲突。有很好的讨论。,推荐,4,30
谁的圈,2009-08-21,剧情紧凑。演员到位。名副其实的好片儿。,推荐,4,50
深 毒,2009-12-26,无以伦比的棒 惊艳到极致 保罗真是个人才,力荐,5,36
光年‖影视歌三栖民工,2011-05-30,荷兰的谍战少有见。女主角很有间谍天赋。注射过量胰岛素靠狂吃巧克力逃出生天。PS：女主角乳头很漂亮,推荐,4,29
lisa|离,2010-02-11,超赞的二战题材片儿,力荐,5,35
唐顿庄园,2016-11-04,这部电影的优秀之处在于并不仅仅侧重于描写战争的种种残酷，还生动的表现了在战争里一个女人是多么脆弱无助。,力荐,5,13
米粒,2009-12-09,很精彩的故事！！还有巧克力对抗胰岛素的情节。。泪流满面,推荐,4,15
Ex,2010-01-04,第三部分才是重点啊……,力荐,5,24
花落  思量错,2017-04-14,被誉为欧洲版的色戒，但我觉得比色戒更有情节，在战争的背景下，没有对错，没有正邪，没有善恶，只有强弱。我想没有人会喜欢战争吧！女主是真的美艳，不单单是外表。,推荐,4,7
刘小黛,2009-11-12,四周暗黑沉沉，Carice穿着鲜艳的红色歌唱，宛如一朵傲然的孤花。随后枪声四起。,推荐,4,7
影子的影子,2009-04-07,国内上映的版本已经被阉割得不成样子了，尽管如此，影片还是很引人入胜。二战背景下的悬疑故事。女主角真的很漂亮，我是说类似于黑白电影里的金发美女一样的漂亮。几乎每个人物的表现都非常到位，体现了导演的控制力。穆兹被枪决的一段把我小小震了一下，处理得非常干净。有机会要看看完整版的。,推荐,4,4
露娜peace,2008-11-29,导演其实可以拍得更有色彩,还行,3,15
西楼尘,2018-10-27,爱好邮票的魔鬼尚有一线良知，庆祝胜利的天使早已丧失尺度。法西斯与基督徒并无区别，英雄与妓女界限模糊。有的身体被千刀，有的灵魂被万剐。可以向仇人坦胸，不愿向恶人露乳。注射贪婪的胰岛素，吞下伪善的巧克力，刚被万人簇拥，转而躺进棺木。战争有结束，攻讦不结束。可以信任人，但不可信任人性。,推荐,4,9
Lonely,2017-08-05,9.0/10 分。2017.08.05 第一次看。时代的车轮滚滚向前，碾碎了多少彷徨的灵魂呀。。。瓦尔德马·科布斯 Waldemar Kobus 饰演的德国党卫军，感觉是本片最醒目的反派呀，弹得了钢琴，还吹得一口好口哨，能面不改色地杀人，还能淫荡的露得了小鸟儿。。。女主的表演甩天朝花旦们十条街呀。。。,力荐,5,2
半袖,2009-04-29,"说它是外国版的《色戒》？
《色戒》偶还木有看，但是这个真是没什么意思，
那个情报局局长一点也不像个高官，那么nice，还那么痴情种的样子。
MS中国的敌我战争还老奸巨猾了一点。 ",较差,2,4
Peter Cat,2016-05-02,3.5，精彩归精彩，但过度戏剧化，以至于2个半小时要滴水不漏圆住这个故事已经相当局促，更没有任何文本空间去构筑叙事之外历史和人性深度。,还行,3,5
空思,2011-10-30,依然保有Paul Verhoeven的恶趣味，但关于战争的反思，人性良知的拷问却比《The Pianist 》更加真实震撼！,推荐,4,1
猫知道,2011-02-22,"随着时间的流逝，历史逐渐还原本来的面目，真实如此不堪，人性经不起战火的洗礼，一个孤独的灵魂在其中又能得到什么呢？——给片中女主角和河边独坐的老人：丧失父母兄弟和亲子的疼痛，不及战争带来的虚无。 
",力荐,5,0
Admit,2017-06-24,"去搭救他被逮捕的儿子。于是，美丽的雷切尔成功俘获了德国军官的心。一切都好像进展顺利，但雷切尔的一个机密任务，却让她陷入了四面楚歌的境况。
复仇的决心还在雷切尔心中熊熊燃烧，叛徒还在某个阴暗的角落",力荐,5,5
Paco,2016-10-30,这部比《她》更像范霍文的晚年代表作。童年目睹的混乱与残暴、大学时期学过的油画，一一在严肃的影像反观中留下锦上添花的痕迹，信手拈来的情色场面也是高级点缀般存在，可谓浑然一体、质感非凡。遗憾在没怎么喘息，戏剧过满反而张力不足，个中情节也有些用力过度。女主真是胸美臀美心更美。,推荐,4,3
汪金卫,2009-11-13,【中国电影资料馆展映】五年前在小MP4上第一次看的时候被彻底震撼。这次大银幕重温依旧紧张得透不过气。大胆的情色戏与屡次反转的剧情无疑是闪耀的亮点。但最震撼的是战后荷兰的疯狂氛围，比纳粹有过之而无不及。女主女配演技太棒。看到熟面孔：德军专业户克里斯汀伯克还有《窃听风暴》男二号。四星半,力荐,5,1
沐梵,2015-02-01,绝赞！将战争爱情惊悚悬疑谍战元素完美融合，大气如史诗、热烈如情诗、伏笔如藏头诗。主体情节是女人在危机年代里的命运沉浮和爱恨交错，个体和群体、忠诚与背叛、牺牲与牟利，种种对比鲜明却不刻板，篇幅长但层次清晰。尤其解放后荷兰民众的施暴与仇恨更是让人反思。女主角完全赋予本片灵魂。,力荐,5,3
麦克阿瑟,2011-08-10,"B＋
    老拍档保罗·范霍文和杰拉德·舒伊特曼用了二十年的时间筹备拍摄出了这部《黑皮书》。“黑暗狂野的气质＋残酷的杀戮镜头＋过激的性描写”非常华丽，足以和钢琴师，美丽人生，辛德勒等经典一争高下，但影片的无奈也在这里，纳粹迫害犹太人的主题已经有足够多的经典影片了，本片的冲突也相对缺",推荐,4,0
C.,2010-07-10,"2010.7.10 @ Home
我看到应该不是阉割版的咯 2个半小时后
导演 编剧 女主 都让人惊艳
比国内那些乱七八糟的谍战片不知道好多少去了
尺度还是挺大滴  套用某评论的说“女主演Carice van Houten献身精神直达阴毛”",力荐,5,1
十个斗的眼窝浅,2013-11-07,《色戒》欧洲版，女主是人间尤物，而其他男子又各为其主，纳粹也好，游击队也罢，特定的历史时期，必定传奇的人生会造就层出不穷的传奇故事。我本就对二战欧洲战场的故事着迷，加上特别有带入感的节奏，随着情节紧张而紧张，曲折而曲折，逆转而逆转，直至结尾，是一部不可多得的好电影。,推荐,4,2
elly的小hui儿,2009-04-11,超级喜欢这部影片，2个多小时的故事一气呵成，剪辑的非常好，配乐恰到好处，演员出色，有其女主角和那个德国军官。故事起伏比较大，高潮迭起，需要注意一些细节，看这种片子是享受，我想有时间我还会再看！,力荐,5,0
老鱼聊发少女心,2010-08-22,刚出来的时候看的还想这和色戒完全没可比性么（关于色的部分）。。后来才发现自己看得是阉割版。。哈哈。。这个女演员敬业的没话说了，听说她每次去片场一旦看到导演送她花她就头皮发麻。。。心想今天肯定又会很惨。。。。,推荐,4,0
麦小白,2009-04-09,剧情跟《色.戒》有点像，但比《色.戒》更厚重。战争年代里人性的贪婪与丑恶，背叛与复仇，智慧与正义都在一本黑色的封皮书里大放异彩。#适合反复看。#,推荐,4,1
晚安好运©,2017-08-14,补标，一波三折，高潮迭起，忠诚与背叛的多重交织，烽火战乱见真情，沽名钓誉者又何其多。女主角原来就是GOT里的红袍女巫，真美,力荐,5,1
十月,2012-07-07,荷兰电影，又多一标签。本片女主角是相当出彩的，情节设计很好，人物关系也好。美中不足的是汉斯跑路速度太慢，方法太笨，这是不符合人物性格特征的。而且在救了女主角之后他是有机会取走黑皮书的。结尾处无力，但是不影响全片效果。,推荐,4,0
叉叉小箭猪,2013-02-01,故事虽然有点长，但算得上跌宕起伏，范霍文真会找女主角，侯登表现的妹子很不一般，很有味道，后来才想起来，哦，冰与火之歌里的巫女。,推荐,4,1
安迪熊,2012-09-04,其实是非常赞的一部作品，只不过第一次看的话很多细节都注意不过来，影片对战争对人们心理影响的描述可谓细致入微,推荐,4,0
吞火海峡,2017-06-01,黑皮之书，衣冠楚楚，却隐匿着人性罪薮。当然，保罗范霍文志不在符号，浅尝辄止而已，重点在于波澜起伏严丝合缝的情节，以及男权陪衬下天之骄女的魅惑。【9】,力荐,5,1
越小墨,2011-12-17,这是一部好电影。翻译的名字太……！！ 中国翻译的人为什么都爱取这种类型的名字呢？Zwartboek  直译 黑皮书 也比这个好吧？？,力荐,5,0
stknight,2010-10-05,这部电影还真不错，但一定要看完整版，要是在电影院看的阉割版那你一定会骂娘...整部片子感觉一直是高潮迭起，裸露、阴谋、床戏、枪战，可以让你一刻爽个不停！不过感觉阴谋设置的太多了，看来确实是谁也不能相信。,推荐,4,0
野草,2010-01-02,色戒算个P啊……//黑皮书是个关于二战时期犹太人的故事，给我带来的思考远比辛德勒的名单要深刻得多。它对于战争的看法和鬼子来了有那么点像，战争到底给人民带来了什么？胜利真的是值得庆贺的么？战争之后怎么让人民过上更好的生活而不是国进民退，其实远比战争本身更重要。胜负的概念是狭隘的，以某一概念定义一个群体更是可笑的，那天还在网上看到有人揶揄道：日本已成为我天朝爱国主义专用国。再加上最近网上流传的比较火的那两篇《南京大屠杀到底死了多少人》和《清朝的故事》，以前只是觉得爱不爱某party无所谓，国还是要爱的，但是现在我甚至对这一点都产生了疑虑。,推荐,4,0
内触妙乐,2012-01-16,导演对剧本的挖掘显然到了一定的程度，否则对战争中人性的表现得不会有如次深刻和淋漓尽致。也可以叫荷兰版色戒，但色戒显得过于细致以至于让人觉得小气了许多,推荐,4,0
龚星,2012-06-28,好多人和《色戒》比，首先东西方文化的差异巨大风格戏路截然不同；其次出发点不同《黑皮书》是刻画大背景下残酷战争以主角为线索的体现复杂人性和扭曲社会的大视角；《色戒》却是以战争为契机的讲述特殊坏境下的个别人物的感情戏和选择的小视角；最后一个成功一个失败。唯一相同的都大幅度的裸露，哈哈,力荐,5,0
白白八佰瓣,2008-04-10,应该说是一部娱乐性很强的谍战片，但凡很黄很暴力的片，票房一般就不用愁了，可是过于戏剧化的情节又让人怀疑这只是一部披着战争片外衣的悬疑惊悚片，人性啊寓意啊无形中反而被弱化了...没记错的话应该曾入选过250吧...,推荐,4,1
Vash,2013-03-11,"很细腻的片子,不是以视觉或剧情见长的,更多是人性的演绎. 当然一开始的伏笔已经道出了这里面不会有简单的善恶人物, 看起来稍有些平淡但回味一下却很值得推敲一下.尺度是有些大不过很有现实意义.",力荐,5,0
m89,2010-01-17,要想成为一部优秀的大片，前提是要有一个扎实严谨的剧本，《黑皮书》和《风声》的成功都证明了这一点。其实《黑皮书》的故事没有多么惊为天人，说到底也未脱通俗剧的一贯模式。,推荐,4,0
miaisdreaming,2011-09-22,皮囊是女人保命求生唯一的本钱，不然的话，she must be surprisingly good in bed!!,推荐,4,1
灰烬之口,2012-01-25,"i really into this one,historical background,sweet blood lips and handsome mengz",力荐,5,0
最差影评人,2012-11-04,德国军官和犹太女人的爱情，这在二战电影中亮了，这一路看下来有点像《色，戒》。但是后来内鬼的阴谋也给本片增加了不少亮色。本片反应的主题有点模糊。一个女人在二战中的悲惨遭遇来彰显人性的悲天悯人？力度上我认为不及《活着》。,推荐,4,0
touya,2011-01-27,"荷兰版[色戒]——范霍文的荷兰版[色戒]，只是最后还是革命胜利了。那是真正的爱情吗？这也是[色戒]中同样存在的问题。相互之间的狩猎人和猎物的关系，可以真正的产生爱情吗？
",还行,3,1
仗剑狂歌,2012-02-06,对我触动不算太大 但应该是不错的好电影 我看的字幕和电影版本不匹配。。结果就是。。没看一句对话 我都要调整好半天。。二个多小时的电影 我看了差不多四个小时。。,还行,3,1
浮生若梦,2009-03-18,机关算尽的年代,推荐,4,6
安非,2011-08-14,太好看了，女主角太美了！！！战争的残酷无情，人心的麻木和金钱利益的冲突。战争当中你永远不知道谁才是敌人··第一遍看的删节版，第二遍看的完整版，细节还是很重要的。,力荐,5,0
今 敏,2014-04-15,本来还是抱着欣赏情色片的心态（参见知乎日报《真正性感的电影》一文）去看的 结果剧情好看得出乎意料了 一个用“女人的关系”去讲述战争的故事 牺牲、爱情、胜利与怀疑、背叛，以及复仇与平息，复杂的故事一气道来 也没有绝对的正义、好人和非黑即白 不管是高潮转折还是讽刺性的结尾都值得一看,力荐,5,1
黄海,2010-05-18,剧情大片，前一个半小时很无聊，后一个小时每分钟都是高潮。虽然猜到了一些剧情，可是还是太激动人心了。嗷嗷的。时间拉长到2个半小时，完全展示出来了战争的毁灭性。,力荐,5,0
shyv,2013-03-16,人性之复杂，让我哆嗦，真正无下限。无所谓正义与否，违背基本伦理道德都是反人类。仍旧是那个问题：若在彼时彼境，自己又能如何？太喜欢女主了。,推荐,4,0
林隐,2011-11-27,谁是叛国贼？悬念此起彼伏。女主角赢得了二战末期的反间战，结局却在以色列又迎来了中东战争，犹太人真是苦命的娃…… ,力荐,5,0
邢早早,2016-11-07,1.女主和军官之间的感情，没有《色戒》里面来的汹涌，这跟我看的是阉片有很大关系，操广电总局。2.女主得知军官已死时的哭戏，如怨如诉。,推荐,4,1
小牛魔王,2009-02-16,保罗范霍文回归荷兰，集大成之作。视角已远远超越对二战的反思，最后几分钟情节十足惊艳。,力荐,5,0
小核桃,2007-08-30,"during the war, there is no judge. she gets her way. life follows the seeker",力荐,5,0
荒人,2012-07-24,我不知道我为什么看了中文配音版，然后又是脱得不彻底的三级片，不管别人怎么说，怎么可能比过《色戒》。,还行,3,0
夕阳,2014-02-17,4.5机智坚强狗屎运也好的金发梅姨，一波三折又十足分量的故事，本以为该结束了高潮又来。结局无止境的战争，解放后走掉一批法西斯又来一批法西斯，众生丑恶的面孔给电影大大加分。狂热分子乌合之众哪个年代何种历史背景皆能看到他们奇葩的存在,力荐,5,0
随喜,2011-10-23,有阴谋有爱情，有仇恨有宽容。唯一的bug是女主为什么在不需要伪装的时候依然染成金发呢？,力荐,5,0
Panda的阴影,2018-12-05,故事真是三波九折、峰回路转、跌宕起伏、相当精彩，以至于观影时我都在纳闷到底有多少戏份来源于真实事件、又有多少情节为增加戏剧性而添油加醋进去的？瑞秋是幸运的，在历经艰难困苦、被人陷害之下，最后还是凭借一本「黑皮书」洗清罪名、真相大白。而对于人性的叵测不值得信赖，战争的背景下只是将其放大，因为在现代社会里依然少不了各种尔虞我诈、勾心斗角之事。P.S.：没想到这部电影还被国内引进“删减”上映过。＆ 豆瓣的剧情简介与影片内容出入挺大。,推荐,4,0
小狄凶许,2011-07-28,过去的，事。没有英雄，没有永远，只是一口气。爱一个人，不是时间的磨砺，不是对你好与不好，而是我清楚，我爱着你。,力荐,5,0
OMG42,2010-10-23,就是要范霍文才给力！,推荐,4,0
翠墨待书,2010-03-01,高潮迭起，善恶在生死之间苦苦挣扎，命悬一线……是以谍战片,力荐,5,0
欢乐分裂,2018-12-02,3.5；一波三折，扣人心弦，反转之反转，两个半小时看得提心吊胆（虽篇幅够长，但情节推进仍觉偏快），女主的坚韧忍耐、机智忠诚、有情有义令人感佩；战争时期的非常态最能暴露人性黑暗，求生与贪欲照见每个人的高贵与鄙陋，人间没有绝对的正义与非正义，只有利己与利人的区别。,推荐,4,0
★☆☆☆☆,2009-06-15,"荷兰人自我反思的杰作，远比《色戒》出色。

记住，不要看中国大陆太监版的，要看荷兰版的！看荷兰版的！看荷兰版的！看荷兰版的！看荷兰版的！！！！",推荐,4,2
京片儿,2008-12-29,情节足够曲折。有对于善恶的思考。尤其是战后战俘营一段。经历了诸多波折后，女主角“到什么时候才是个头？”的问题，时至今日也没有得到解答吧。,还行,3,0
孙此方,2009-12-26,擦。我看的竟是阉割版！！！别说床戏了，连爆乳都没！！！,推荐,4,0
时间之葬,2008-06-12,范霍文依然香艳，却更加深刻,力荐,5,3
今生、唯爱,2013-10-30,我不敢想象，没有斯大林和俄国，犹太人会不会就此灭族了。二战影片很多，与这同类型也不少，但这部绝对无法让人忘怀，剧情上比色戒更丰满,推荐,4,0
Lady Fiesta,2008-08-31,情节紧张的片子.  转折太厉害了..当然美丽的女主真的为这片牺牲了很多....具体不好说,推荐,4,0
磁凝胶,2008-07-25,一部相当不错的电影，色戒模仿的对象，犹太人的梦，荷兰人不愿提起的二战后对待所谓荷奸的故事,力荐,5,1
私房歌,2011-03-22,死亡、侈靡、情色充斥了整部影片，在那个年代，犹太人只求安稳地活着已属奢望。,推荐,4,0
YOJIN,2009-08-24,"(很多人拿""色戒""来比这部电影..二种感情的输出!根本是二种模式的电影!怎么比?不是只要露肉+女间谍的组合就要拿来比的!) 很多人爱的女主角,我并不觉得她演的有多么的精彩,整体效果就像是个""黑白电影""里跳出来的女人,不是说她演出那个年代的神韵,而是她的演技太过于肢体化!表面化.",推荐,4,0
[已注销],2009-09-20,看完这部，更加让人感觉《色戒》的低级、猥琐和变态。同样的题材，同样的暴露，同样的政治敏感，黑皮书表现出来的却是一种对人类战争意识本质的极为深刻的反省，而色戒却展示的是变态，赤裸裸的人格扭曲和变态。色戒这样电影多了，久而久之，中国人也会变得猥琐低级。,力荐,5,0
终结者T-800,2009-10-21,"精彩!扣人心弦!有人把这部当成欧洲版色戒,我想说这太抬举色戒了,根本就不在一个档次.",力荐,5,0
南條某葉,2009-10-02,德国人比我想的奔放，一开始以为类似色戒，后来发现相比色戒，他有内容多了,推荐,4,0
|,2009-03-21,太曲折可信度反而低了 尽管本来就是虚构的 必须说女主角太好看了,力荐,5,1
低于海平面,2010-08-01,好多演员都能说两国话，van Houten这部片儿说四国话，以色列语，与德国大兵换成德语，和加拿大红十字就英语，加上本片的语言荷兰语，加上之前《陪你到最后》的好印象，更爱Carrice van Houten啦！同是二战女间谍有关，色戒咋差那么多呢？,力荐,5,0
不是雪莉是雪梨,2012-06-18,这是一个很精彩的电影，故事结构很紧凑也很跌宕。这个女人真的太美了！好爱她。表情永远都那么淡定从容，也很聪明，内心力量强大。,推荐,4,0
Broderick,2012-07-23,和托纳托雷三部曲之一的《西西里的美丽传说》同样题材，战胜国只不过成为了另一个法西斯。,推荐,4,0
人民私仆凹凸曼,2010-03-05,荷兰版色戒，最后的结局很意外。。。就是未删节版2个半小时太长了，还有很多穿帮bug,力荐,5,1
L.John,2012-06-18,看了这个突然想起老外对《十三钗》的评价，发现他们真是自己打自己的嘴巴,未打星,-1,1
hiphop,2007-12-12,虽然有欧洲片子节奏偏慢的缺点，而且场面偏小，缺少历史厚重感，但是故事很真实，民族主义的色彩很浓,推荐,4,0
J.Wen,2010-04-24,被媒体忽视，被总菊误导的一部精彩绝伦的好电影，节奏和剧情堪称完美。相比之下，《色.戒》表述方向不一样，在气场上确实略输一筹，但都是一等一的好片。,力荐,5,1
beige babe,2011-07-21,"
现在的电影人都喜欢把情欲和二战联系在一起。这部电影还算不错，没有<色戒>残忍。比较好接受。",还行,3,0
找自己,2013-02-15,没想到战争和悬疑融合的这么好，喜欢。强烈推荐。现在的时代不是相信任何人的时代。,力荐,5,0
▒▒▒,2011-05-29,很激动人心的一部片子，到了中间高潮部分就已经猜出谁是叛徒了，演员剧本都很赞！,力荐,5,0
lara,2010-10-05,"对于在战争里始终坚持自己信仰的人真的是很敬佩，然而有些人足够幸运，牺牲带来的是美好自由的国家，而有些人不够幸运，得到的是连上映一部电影都需要删减三分之一才河蟹的国家。。。
",推荐,4,0
口腔溃疡,2012-09-10,被低估的二战影片，如果有些细节再推敲一下的话，很多方面比辛德勒的名单更伟大。女主角怎么这么好看腻,推荐,4,1
Scioist.yir,2009-06-12,我是水日合于射手的百分百乐观派，但是看过这个会对人性失望，当然，一眨眼还是相信一切都会好起来~~,力荐,5,0
E!f,2009-11-18,"在那信任都会成为杀生之祸的年代。
爱情其实也在悄悄萌芽。

> <看过这么多柯南的我没想出来谁才是叛徒真惭愧T T.
荷兰语听的爽~",力荐,5,0
xīn,2015-01-31,资料馆2015.1.31.4pm 全片放置在以色列建国后的回忆中，以抵抗组织中的败类作为最大的复仇者（类似《色戒》中王力宏的角色）、德军军官做英雄，将战后发泄怒火的民众塑造得比德军更残暴，整个故事的立场和讲述方式非常可疑。在相对主义图景中历史变得含混，也许是以普遍排犹主义为以色列建国背书。,未打星,-1,0
咸鱼突刺,2012-01-20,二战题材、地下军、间谍什么的题材总是少不了有一位婀娜多姿的曼妙女郎滴！！女主很好看>v<，剧情也可以的。,推荐,4,0
凌晨的猫,2009-02-07,说是德国版色戒有点过了，这里涉及的东西更加广阔些，其实男女主角做爱镜头不多，只是女主角露得挺狠。结尾怎么觉得有点弱呢，得知爱人去世女主角的哭戏很震撼。,推荐,4,0
Milandini,2009-04-09,Black.Book.2007.DUALAUDiO.DTS.DVDRiP.X264.iNT-KiSS revisited@CFA 2015.01.31,推荐,4,0
mazzy,2012-07-20,悬念迭起，很多前后呼应的小细节，表演自然，内涵不落俗套，非常精彩的两个半小时！,推荐,4,0
老探戈,2007-03-10,谁是我们的敌人？谁是我们的朋友？这也是犹太人面临的一个问题~,推荐,4,0
小斑,2018-11-21,情节的进展极其快。从头到尾都没有给女主角竖立明确的对立面，加入抵抗组织成为间谍营救俘虏，她都以一种“无所可失”的态度行件好事罢了。只有蒙茨例外，他认出了她是犹太人，跟她分享了失去所有亲人的痛苦。这个德国军官和那个“叛徒”的悬疑，是女主与故土最后的关联。,力荐,5,0
的云,2010-04-14,Carice van Houten是唯一亮点。,推荐,4,0
加州站街男孩,2016-10-05,导演真是无比沉迷于女性被侮辱持续被侮辱被侮辱到极限然后复仇的模式。一对比李安的色戒简直软绵绵到苍白无力，汤唯那演技也是给梅丽珊卓提鞋都不配。,推荐,4,3
m.,2010-04-06,惊险并没有随着德国的投降而结束，实在是一波三折，很精彩。女主角一袭红裙让人惊艳。2010.4.6.下载,力荐,5,0
李不空,2012-05-23,all stars go to the Actress,还行,3,0
Wayne,2009-10-06,竟然是06年的片子，竟然看的是pps阉割版，竟然是传说中的色戒欧洲版，但是比色戒好多了，下载完整版中,力荐,5,0
基督山伯爵,2009-01-21,荷兰解放后清算一切的场景让影片升华。人性，在任何国家任何时代都一样真他娘的阴暗~~~,推荐,4,0
將軍雪夜入蔡州,2012-04-11,情节是够跌宕起伏的，但是还是少了很多别的东西，看起来有点无聊。豆瓣评分8.1？呵呵呵呵呵呵呵呵呵，都是借此来装人权文艺逼的吧。,还行,3,0
你的益达,2013-05-10,全是为了红毛女巫（冰与火之歌）才看这出片子的，真是美翻的荷兰佳人啊！虽说演技没有达到与电影格局相配的水平，但那处纳粹舞会里红袍歌声注定这幕倩影将成经典。说回剧情，前面紧凑利落，后面就显得有点让人摸不着头脑甚至散乱，黑皮书的引子没有片名那么响亮。摄影很不赖，二战风云扑面而来呀！,推荐,4,0
Moon,2013-04-06,在硬盘里放了4年，终于看完，我知道这是五星片，没想到是这么精彩的五星片。,力荐,5,1
お狐,2007-06-11,看了两遍。觉得不错，只可惜情感的把握上力道不够……背叛和失去以及复仇，都没有达到应该有的情感深度。,推荐,4,0
小鸭鸭,2010-12-08,女猪脚演出挺给力啊，但不足就是脸蛋不够惊艳了，剧情可以更惊险些,力荐,5,0
mi4444d,2009-01-03,Carice van Houten帮Sebastian Koch后来真的谈朋友了哇！,推荐,4,0
ACSHW,2010-09-01,范霍文的片子对我都还行，女主角演这部戏受苦受大了！他的私处颜色很“耀眼”！,还行,3,1
冷冷,2008-05-21,这个女人真美，这个纳粹的军官真有人性。她的每套服装都让她看起来纤细漂亮，他的每个为爱付出的行为都让人为之感动。战争中的是与非已经没有办法评判，只有真心的爱流传下来。让我想起很久前很流行的一句话“高尚是高尚者的墓志铭，卑鄙是卑鄙人的通行证”。,力荐,5,1
杨安康,2007-08-17,一个曲折离奇的战争故事，在国家与民族的战争间裹挟着男人与女人的战争，彰显人性的脆弱与坚强。,推荐,4,0
陶子冬,2012-02-25,07年所看电影十大排名第二，碟片不见了正在下载。第一名是想飞的钢琴少年。,力荐,5,2
bay135,2010-09-08,跌宕起伏，cult味儿十足的谍战电影。电影院看的，又来又补看了删减的片段。。很给力哦。09.02.05  180701 重新从头到尾看了无删减的版本。。确实是个观赏性很强的电影。荷兰版色戒，但是剧情悬念很强。十分值得一看，很完整又有很出彩的段落！年度佳作,推荐,4,1
Thoreau,2010-07-18,导演保罗维霍文的惊人之作；大爱卡里斯·范·侯登，大爱塞巴斯蒂安·考奇；你们应该感到羞耻！！！,推荐,4,0
菇仔,2011-06-08,很好看，我喜欢这个妹.又看到一堆傻B影评，就你们看过色戒！然后就往色戒上扯！根本两回事好吗傻B,力荐,5,1
sabrina,2013-01-05,被解放后的荷兰人又延续了他们之前痛恨惧怕的罪恶，这是我对电影印象最深的一个部分。,推荐,4,0
∞∞∞∞∞,2009-04-22,在不看国内阉割版的情况下，这是一部不错的电影,推荐,4,1
排骨,2012-08-11,全片皆曲折和悬念 两个多小时很流畅一点也不觉得冗长 女主的气质和演红袍女时完全不一样 实力派！而且脸蛋和身材都无敌了！Muntze这炮灰当得有点莫名 看到一半才想起来原来是窃听风暴里的军官 小本子出现得好晚 没看时还以为会是女主把黑名单列在本子上一个个干掉的剧情,推荐,4,0
胡桃夹子,2011-01-24,开头让我想到了《色戒》，结尾则让我想起了《双城记》。,推荐,4,0
pinkjar,2009-12-19,纳粹检查证件跟保安查我们的学生证态度有什么分别。,力荐,5,0
Dita,2012-04-10,女主还是在冰火里面最漂亮><红发！！！！,还行,3,1
空谷幽兰徐小宝,2009-01-11,太赞了太赞了太赞了，演技出众，情节曲折，高潮迭起，绝无冷场！,力荐,5,0
阿吉娃娃,2009-09-07,媒体宣传的什么荷兰版的色戒完全是哗众取宠吸引眼球之说，我看更像无间道。故事情节比较紧绷，伏笔还算很深，结局出人意料。所以越到后面会越吸引一些。,推荐,4,0
阿吉娃娃,2009-09-07,媒体宣传的什么荷兰版的色戒完全是哗众取宠吸引眼球之说，我看更像无间道。故事情节比较紧绷，伏笔还算很深，结局出人意料。所以越到后面会越吸引一些。,推荐,4,0
静水流深,2010-10-31,字幕太烂了基本就没怎么看懂　不过男女主角喜欢阿！女主角戴红花唱歌那段让我想到了莉莉玛莲,推荐,4,0
shanglin117,2011-09-22,这姑娘太受委屈了，从头到尾噩梦连连，居然还那么乐观积极，幸好最后大翻盘。PS：胸型真美～,推荐,4,0
阿门,2007-07-01,女主角出演很落力 让人知道什么叫敬业。电影让人产生一种宿命感，女人的自我牺牲与抗争在大时代面前是多么的无力。但是比起男人的龌鹾来，她的单纯与执着信念让人尊敬,推荐,4,0
亚当,2013-10-18,当她得知最爱的人死去时的那种绝望的颤抖，我明白，她唯一最亲的人不在了。我也跟着一起感伤。,力荐,5,0
西米,2010-12-22,好紧张的剧情！多给一个星，仅仅因为好几个熟悉的街景，Dordrecht的大教堂，海牙街区等等~,力荐,5,0
明月Yomei,2010-04-01,诶，不知道说啥，剧情还挺饱满的，层层铺垫急转直下，从荷兰反抗军中一名潜入德军内部的犹太女子亲身经历真实故事改编，那视角是相当的不错,推荐,4,0
mRs.SAndaLs,2011-07-07,你心里那个善感的相信人世美好的小女孩还是在那里  她没有变  她是你  你所学到的一切关于和人生周旋的技巧  都是为了保护她  让她好好地住在你的心里  不被遗忘 ...,推荐,4,0
草威,2013-02-04,题材沉重，却拍得如此浅薄。剧情很有节奏，但女主角太厉害，像个超人，削弱了观众的同情心。,还行,3,0
浮影人生,2017-03-27,"这是一部被严重低估的优秀影片,以至于被广大电影爱好者忽视而成为小众类影片.本片通过一个犹太女孩二战中曲折离奇的真实遭遇,不但讲述了德国纳粹对犹太人残忍血腥的虐杀掠夺,更表现了期间林林种种各类人在战争年代及战后真实的面目.不同以往此类题材影片,本片表现的是人性最深层面的真实.大赞女主角.",力荐,5,0
犹在镜中,2018-03-01,3.5 剧情为先，除女主外的人物过于中空。与色戒相比，两者殊途不同归。蕾切尔是绝对的中心，男性/父权是她的陪衬，去引诱也是自我“改造”，运气助她躲过多劫。其命运之颠沛归咎于时局，而不能指向更复杂丰富的层次，使其魅惑美艳到让人惊艳之时少了人味儿。,推荐,4,2
你的怪,2016-10-16,艾丽斯太美，和平来的真是不容易。剧情反转性很强。背叛，人性和爱的话题太复杂了。,力荐,5,1
Zola,2011-03-25,荷兰经典影片，从头到尾都非常好，情节丰富，卡里斯·范·侯登的表演惊艳。,力荐,5,0
黑泽-库布,2012-07-07,又臭又长，其实故事讲得还算明白，但就是最后没给人留下任何印象~,还行,3,0
monica墨,2010-06-08,很真实的拍摄方法，离奇的情节不到最后都不知道结局到底怎样,力荐,5,0
打少,2009-05-02,连贯又不繁琐。睡前用ipod看搞得觉都没睡好。女主角非常不错~,推荐,4,0
soraling,2012-06-17,一本《黑皮书》，充满太多的峰回路转。正义和邪恶，真相和谎言，彼此纠结，胜负难分。艾丽丝比王佳芝幸运，蒙茨却比易先生不幸得多。虽然情感表现上不如《色戒》深入，但情节的曲折和出其不意成为亮点。推荐Black Book。有些真相，有些人，永远也看不到。,推荐,4,0
狼王哈士奇,2010-01-24,李安你看看人家范霍汶，同样的题材咋拍出来差距这么大捏,推荐,4,0
merengue,2012-09-23,温水泡青蛙活在乌托邦的麻木里，永远不能体会为政体揭竿而起的人有一天在理想的自由里安居乐业是什么滋味。宣传大队高举忠字旗就像不死的舞者，穿着烙得滚烫的红鞋子一直跳下去。,推荐,4,0
元氣子,2011-04-02,荷兰妞Ryanne推荐的片子 战争 对于很多国家来说 历史都太过沉重 电影真实的反映了二战时期纳粹的暴行,推荐,4,0
terf,2009-01-10,内奸真多...有西西里美丽传说+色戒的感觉...,力荐,5,0
扣子,2012-07-26,很喜欢根根的情人，真真正正的高人~,推荐,4,0
一片云,2008-08-15,德国人或波兰人，是可以，且容易转换的。,力荐,5,0
隗知,2009-04-24,很会找卖点，披上二战背景的悬疑片。不过剧情还有有两处漏洞吧,推荐,4,0
木馬114,2009-03-14,哎呦那个姑娘销魂可爱俏皮大方唱歌好听，要我是男人我都爱死了,力荐,5,0
本无缰,2009-04-06,导演展示了真实的荷兰人...影院版减了好多......,推荐,4,0
hanstveit,2010-03-07,不像现在的特工，装备精良，还有职业培训。女主角能有这般经历且得生可谓传奇,推荐,4,0
lula,2009-02-16,喜欢。有点像<地下>了。非常非常感动。女一号角色非常丰满，carice表演非常出色。速度控制绝佳。色彩明媚，情节销魂！,力荐,5,0
晃悠,2012-06-18,虽然情节设定类似，但其实这部片和色戒讲的是完全不同的东西。黑皮书讲的是情节，色戒酝酿的是情绪。情节跨度，复杂度，色戒不如它，情绪的深度，厚重程度，它不如色戒。都是佳作。很喜欢电影开头女主俏皮的细节，和电影尾声女主听到噩耗的颤抖，沧海桑田都在这之中了。,推荐,4,1
哈利撸呀！,2012-07-04,找个完整版好难——因为大家都已经习惯自我阉割了,力荐,5,0
你绝对想不到因为这也出乎我意料,2008-02-21,太出彩了，深深被折服就算了，还久久不能平静。女主声音太好啦,力荐,5,0
蜜思糊,2010-07-18,"太精彩太精彩!!!   这才是真真正正的人性表现啊，姑娘爱上男人，人人争夺利益，胜利一方对失败一方的疯狂报复，人的聪明劲儿，谁都不是傻逼，敌人友人没有完美界定，有限的人无限的可能，再升华那就是战争的反思,,,再看汤唯的王佳芝，简直小儿科...",力荐,5,0
静静的视界,2009-08-21,听说《色戒》是照葫芦画瓢的，同样是导演，差距怎么那么大呢？,力荐,5,0
天禧在人间,2008-07-12,关于战争，有太多太多的话已经都说了，关于那些的屠杀，每次的观看，还是觉得触目惊心！这一切都太沉重。片子很不错！,推荐,4,0
nordschleife,2011-01-02,三级片就不能找个nice点的女猪脚么。。。,推荐,4,0
一十一,2013-01-08,片子是拍的不错，可看性非常好，但是超快的节奏使人无法领略到，欧洲电影中常见的人文气息，看得出导演更想要的是好莱坞的那种感官刺激。,还行,3,0
大-燕-威-王,2013-11-14,最可怕最无耻的果然还是叛徒啊。这片儿出彩就出彩在伏笔：胰岛素，巧克力，阑尾炎手术……最后女主用项坠拧钉子那段真的太给力啦！！！,力荐,5,4
瞳°不乖,2013-10-27,意外重逢的开篇，盈盈投入水面的目光拉开回忆的序章，有些事情发生了就再也回不去了，不管笑的多么如九月骄阳，过去仍阴沉沉的占据这心底永无天日，就像抱着身体不停抽搐不停哭泣这样的日子什么时候是个头啊，却仍在死亡降临时奋起反抗，她美得冷静娇艳却仿佛虚无~~,推荐,4,0
粉红色大象,2011-11-10,正方里面有反派，敌方里面也有好人啊~~战争结束后受压迫的人民就变成 了新的纳粹派。 ,力荐,5,0
itrek,2007-05-04,2007－5－4，一口气看完，不错的悬疑片。,推荐,4,0
芝麻糊,2009-09-21,中外历史，同与不同，都有苦难者，牺牲者，卑鄙者，但是让人感叹的是这片子的内省和人道怜悯．即使是对于叛国者它依然有着同情关怀，即使是对着胜利者依然有辩证批判，反思自己的国家，我们是太不人性化还是太人性化了呢？,推荐,4,0
三角形的办公室,2009-04-03,碟子怎么说的荷兰话。。。。不爽,推荐,4,0
mena,2008-11-16,剧情蛮精彩。女主角胸形很美，但演技不是一般的生硬，除了晴天就是阴天，一点过渡都没有。,还行,3,0
沉默的若亚,2010-09-18,还好没去影院看，在网上看的完整版，影院回来的都说没看明白,推荐,4,0
小酣,2012-08-15,女主角染了阴毛OOXX时候掉色了咋办？,推荐,4,0
benny715,2011-10-21,好电影？有股说不出来的感觉。情节也许很曲折，可人物表现出来的逻辑很混乱。,还行,3,0
巻巻,2011-01-02,广电无情的阉割差点让我错失了一部佳作…很久之前在电影院看过~近来偶有机会得见为删剪版,推荐,4,0
空灵赌徒,2016-10-17,二战的片子有很多 这个应该算还是优秀的吧 前面假借逃难敛财让我想起投奔怒海 当女间谍卧底确实又让我想起色戒 女主角最后又卷入另一场战争 可是够惨的 [ 2016.10.17 602 ],推荐,4,1
KinG羽,2017-07-01,按说如此一波三折、惊险刺激的二战片应当喜爱才对啊，然而并没有，细想原因，大概因为太赶太急了，片长不短，但节奏就像赶死队，对于情感和细节的刻画不细腻，死掉的角色按说能装一卡车了，却没几个能让人心起波澜的。最有感触的无疑是泼粪那段，有的人天生贱，翻身后就变“纳粹”。女主真是美。,推荐,4,0
littlefinger,2012-06-01,好久没踏实看部好电影了，比色戒高明。如果只是因为刻画了每个人的品德与其政治立场、XX主义没有任何关系，就被热捧，就显得小了。中国也有很多这样的作品，国也好共也好，大家都是中国人，没有本质的差别。两位先生都做得好文章，两种主义都能救中国，最后比的还是斗争的手段。,推荐,4,0
babydog不Muyan,2011-03-04,西式情节剧版色戒....话说色戒除了在华人地区之外 该真是引不起什么共鸣吧...战后真不错 暴民其实一样可怕,推荐,4,0
没心没肺小螺号,2009-10-05,先看了央视6版本，觉得很多地方都很牵强，节奏也奇怪，像是长篇的缩略版。当时心想着虽然拍摄质量很高，可惜连故事都讲不清。万幸的是为了补上落下的开头，又看了网上原版，这一看就停不下来了，完整地又看一遍。原来电视版剪掉好多，导致线索交代不清，女主角的精彩表演也被打折扣。原来确实是好片。,力荐,5,0
ss,2010-02-22,和色戒比少了点欲望，和南京比少了点力量，和钢琴比少了点残酷，和辛德勒比少了点曲折,还行,3,0
白开水,2011-02-07,当初在电影院看的！一开头就是她在船上了，就感觉怪怪的，看网上才知道是删了好多的！好好的把开头给删了干嘛啊！而且那个军官死的也太无辜了吧，这女的咋就知道报仇啊！不给力,还行,3,0
豆沙包,2013-11-16,五星级强赞啊！女演员看起来很眼熟，最后才发现和冰火的红袍女是同一个人！,力荐,5,0
闲得一塌糊涂,2007-03-15,10——7分。也许是翻译的问题，尽管通体上理解不存在大问题，但有些细节还可斟酌一二。,还行,3,0
Ivo,2007-09-11,结尾叫人失望 尤其最关键的牌子！NND不翻译字母！,推荐,4,0
人形好帅,2012-12-09,看的时候想起了好多电影 虽然都是影子 但历史不就都是差不多的么,推荐,4,0
老罗,2011-02-13,Carice van Houten真不错。,推荐,4,0
肉包兔纸,2007-11-25,"它让我对战争中的正和邪有了新的反思.当看到战后那些所谓的""受害者"" 那些胜利者
那些正义者向被扒光衣服的女主角身上泼粪时.很想哭. 如果这就是善与恶,那世界上还有正与邪的区分吗",推荐,4,0
Alary,2011-06-07,女主角真是福大命大，身边就是内奸竟然活到了最后~听说现实中她和男主在一起了，撒花祝福！~,推荐,4,0
Ron Chan,2012-02-02,看了阉割版我不知所云。看完原版我立马觉得这是一部不可多得的佳片，电影极像欧洲版的《色，戒》，但是剧情又绝非柔情似水，布尔乔亚。《黑皮书》的剧情紧凑得让你觉得去厕所都是浪费时间。,推荐,4,0
膏膏,2010-02-16,简直想俾十粒星。不想再说像色戒或者像风声或者像色戒和风声的合体。全片荡气回肠，起伏叠荡，紧凑严密，引人入胜。很久没有看到这么好的故事这么棒的战争片了！！,未打星,-1,0
只爱这片土地！,2009-09-20,所谓的佳片有约播出的阉割版差点埋没了这部好片。,推荐,4,0
飞刀员外,2011-05-08,85和《色戒》确实有可比性，《色戒》更有味道，《黑皮书》更热闹，各有各的好看。《黑皮书》里女主角一直在和自己一生的敌人争斗，哪怕很多时候她并不知道谁是她的敌人。相比之下，爱情戏苍白了些，完全淹没在快节奏的叙事里了。影片悬念用得很好，直到快结尾才露出真相，很多突转带有宿命的味道,推荐,4,0
肉抖抖,2012-10-22,怎么说，美女间谍的故事，故事有反转（不然就没多大看透了）女主在里面还是有比较惊艳的画面。,还行,3,0
醉生梦死,2009-04-01,故事不错，制作略显粗糙，而且在影院看到的电影明显被阉割了，极大的影响了观影效果，感觉不爽。,还行,3,0
书中仙,2010-01-11,好人被抓，并且受到藏在好人阵营中的坏人们迫害。幸好结局还不错，要不然可真够闹心了。,推荐,4,0
Shy,2009-08-08,人之初 性本恶 / 不为己 天诛地,力荐,5,0
pupo-popu,2012-05-24,商业摄影创作理念 巧妙至极,力荐,5,0
melvins,2014-01-31,殘酷的戰爭 迷人的金毛。2014.01.31,力荐,5,0
leafwei,2007-04-30,"我们一般看到的是战争的危险和残酷,可这个片子给我们展示的解放似乎更让人筋疲力尽.",推荐,4,0
wr456,2010-11-13,对人性的探讨，这个真不错！,力荐,5,0
Frank,2008-06-06,色戒不算什么，步别人的后尘,推荐,4,1
Yolanda,2012-09-15,女主角太美了，对这类片子完全无抵抗，说不出片子有什么出彩，但就能很顺畅的看到尾不打磕绊不停歇，对我来说就够了,推荐,4,0
大心,2014-04-21,1，荷兰版《色戒》，传达了更多的东西。曲折起伏，越到后来越精彩。2，这女人长得不算绝对美，但是有气质，骨子里的刚强。哦，对了，身材实在是...赞！3，每个国家都遭遇过阵痛，每个人也一样。要勇敢！4，一个美女主动投怀送抱一定要小心。但貌似没人能扛得住。,推荐,4,0
李翎竹,2013-04-19,有一段时间没看过这么好看的了。女主角漂亮。二战题材的电影又一部佳作。结局很出人意料。女主角和纳粹军官的爱情也设计的很好，纳粹的军官死了，令人为女主角惋惜。画面拍的很美。,推荐,4,0
兔子,2014-04-10,为何你会为了信仰去糟蹋肉体，又是什么让历史在你生命中刻下永恒的记忆，你所走过的路，也竟是历史正文的一部分,推荐,4,0
索尔之锤,2014-02-05,这种粗暴迅猛的风格一看就知道出自范霍文之手，胰岛素的伏笔很棒，吃巧克力“解毒”的想法大赞，棺材生死两用的前后照应很棒，细节如上尉在士兵开门时用手按住邮票很传神，当然，还有范霍文标志性的大尺度,力荐,5,0
Kovin,2011-12-12,"Pulpy, almost James Bond-like in its mix of spy thrills, action, sex, intrigue, and bold characters.",力荐,5,0
暖,2008-11-18,"人性都是一样的，有时 ，我觉得德国人背负的太重了。
德国人的东西都会有15个副本。。。",力荐,5,0
Chiang,2010-06-04,原版应该不错，可惜我看的是被领导们剪切的不成样子的烂版，但是能看上电影的功底，好片。,推荐,4,0
天才+英雄,2013-04-02,里面有几段很棒，尤其是战后那些人的面孔。但是总体就是没那种被害的紧迫感，女主有时好漂亮，做事又太利索，反而不大会得到同情。三星半~,推荐,4,0
就叫我铿爷吧,2008-05-10,很好看的一部二战电影，对人性的刻画非常深入。,力荐,5,0
Hygge,2012-12-02,看完以后只想说情节丰满，女主角选角不错，人物关系梳理还可以。结尾很好，战争里没有真正的对与错，结尾的犹太人遇难基金创办的农庄，本以为是很好的结局了，一群蓄势待发的士兵，又将中东巴以冲突带我我们的视线之内，仍然没有结束，意犹未尽。,推荐,4,0
Bittersweet,2018-05-08,音乐10 画面8 导演8 故事8 表演10 印象9 平均8.6/10 惊心动魄、意犹未尽。这狗日的生活，何时是个尽头？女主太美了。,推荐,4,0
NIC,2011-01-11,100524很棒的电影。据说是国外版的色戒。是有那么点味道。二战，屠杀犹太人，色诱敌官。最后还有悬疑惊悚。可是为什么我觉得那个纳粹高官如此完美呢。有时候自己人和敌人一样可恶。女主角的遭遇真是令人痛心。不过丑恶终于过去了，还好。永远不要有战争。和平年代真是幸福。战争里人都做不了自己,推荐,4,0
飞鸟,2010-04-17,原来《色戒》只不过是中国版的《黑皮书》而已～,推荐,4,0
森暮,2012-03-25,完全没有必要拿此片与色戒作对比，两者皆为杰作,力荐,5,0
judecheng,2008-06-12,说范霍文是色情版的希区柯克一点都不过分，这片子就是一荷兰版的色戒,推荐,4,0
默默仔是呆萌仔,2013-01-14,Carice van Houten美翻了！,推荐,4,0
小舞舞,2016-07-22,有段时间没看到如此精彩抓人的影片了，不到最后根本猜不到谁才是叛徒，女主的演技和身材一样棒，各方面都比较高规格的作品，最重要的是女主卡里斯·范·侯登居然是红女巫！看的时候根本没认出来，天了撸！从此路人转粉,推荐,4,1
跳舞机器,2013-03-03,无耻阵容如果没有黄金阵容，比黑皮书就是天上地下了,力荐,5,0
超cute侠,2016-06-19,难得导演以一种清醒的目光看待二战，而不是单纯的建立非黑即白，其中心怀良知的德军上尉以及战后对女主进行侮辱的群众都被寄予了复杂的人性，而在剧情不断反转人心深不可测之际，女主和上尉的爱情才可叫做纯粹，年轻时的梅丽珊卓也是性感可人儿一枚。,推荐,4,0
小丑谷米,2012-01-02,跟杀人游戏似的。。。 真正思考战争的片子，没有一味的讲战争中的正反两面，而是说战争所带来的一切侵略者和被侵略者人性的扭曲。看完《金陵十三钗》后看的这部，感到差距。。。,力荐,5,0
花落花开自有时,2017-08-22,和《色戒》立足于剖析女性心理不同，这部电影的情绪则统统收到幕后，呈现出来的则是格局更大的战争本身。革命与背叛。爱情与阴谋。信任与利用。虽然只是短短数月间的故事，却很具史诗品格。片始自行车后座上摆动的双腿是全片最美好的镜头。,力荐,5,1
小疑子,2009-03-11,越来越人性，我喜欢。比那什么名单啊人生啊之类的好的多。,推荐,4,0
亮皮陀,2011-05-22,7.5，具有范霍文的一切特质：性、暴力、美化纳粹。这样的片居然在国内公映过，不可思议啊。,还行,3,0
老马~兔子归来,2013-01-28,今天的喷嚏图卦第13条：法新社报道，在希特勒掌权80周年前夕，德国总理默克尔表示，德国对纳粹罪行负有永久责任。默克尔称：“我们在直面历史，没有隐藏任何事情，这样才能确保德国在未来能成为可信赖的伙伴。我们必须将这段历史告知后代，确保种族主义和反犹太主义没有机会出现。”http://dapenti.org,力荐,5,0
肥壮壮,2010-10-06,还不错，故事讲的比色戒强太多了。,推荐,4,0
叶曳,2014-03-25,破除了很多意识形态的二元对立，德军不是都屠犹不眨眼，抵抗组织也不是如圣母版拯救所有平民，其中还是有利益纠葛，甚至抵抗组织和德军能形成利益联盟。另德占区的解放不是所有不幸的结束，有时候只是拷问良心的开始。,力荐,5,2
supersheep,2009-02-20,够曲折的 怎么好像欧洲人 特别是男得 都长一个样子呢。 讨论了一下发现 内孩子只认出了一个胖子 而我只记得一个卷毛...sigh...,推荐,4,0
忘川 水,2011-09-24,原来能在全世界与你为敌时站在你身后支持你的人，也能利用你的感激趁你不备一把将你推入万丈深渊。,力荐,5,0
王深林子,2017-01-14,红女巫是真的美。这部片子里没有多少小情小爱，很奇怪的也没有多少家国情仇的感觉，更多是乱世下的尔虞我诈、人性本恶吧。女主基本一路开挂，好难死啊……,推荐,4,0
francisca,2008-06-30,the gal is so attractive,推荐,4,0
azaza,2010-06-29,朋友不可信组织不可信领导更不可信，最后果然还是xxoo万岁。这个女人很出彩。,力荐,5,0
Olivia,2009-10-20,又名《惊罹黑书》。导演曾执导《本能》、《星河战队》。一部很别致的二战片，好与坏、友与敌的难测发人深省。,推荐,4,1
乖沙皮,2012-03-24,20120324 在中国的话 女主脚再没翻身寻找真相的机会了吧 一气呵成的剧情 推荐！,力荐,5,0
深夜的阿斯伯格,2016-12-09,如果不出意外的话《黑皮书》就是我的年度最佳，保罗·范霍文最正常的电影。汉斯那个纳粹礼太逗了。说实话梅姑并不让我惊艳，但是在这里真是太美了。妖艳与妩媚原来可以存在与同一身体里。如果色戒是人性的本能与无奈，那黑皮书就是人性的顽强与爱意。,力荐,5,0
手镯,2009-09-26,不仅仅是一部战争片，更是着眼于现实的。前边以为只是一个好故事，看到后边才觉得如此沉重。,力荐,5,0
大v,2007-10-07,直线剧情不错咧 情节片最近很少有看得那么爽的了~,推荐,4,0
♣ 9,2011-01-27,2009-05-24,推荐,4,0
战马空肥,2012-01-04,看这个片子是有评论说这个片子和十三钗差不多剧情，却远胜金陵十三钗，这是纯粹扯淡的，见十三钗还差点火候，还有的说李安的色戒取感于它，那就只能说青出于蓝而胜于蓝。细节安排很差，故事讲的还不错，但仅限于讲故事了,推荐,4,0
\t^h/,2017-09-06,以前明明看过的，居然没有收藏？这电影里荷兰地下组织做得最有效率的事情好像就是出卖战友？,未打星,-1,0
飛飛,2007-12-23,两个荷兰的朋友力荐，于是便看了。拍的不错，不过总是和二战的欧洲战场有一些距离，没有那么多的感触。,推荐,4,0
锐...,2009-02-05,没想到是2006的片子，拍了20年，好看。,推荐,4,0
小·雷克亚未克,2012-09-18,细节稍微差了一点、姑娘、你太纯了、间谍这个职业不适合你,还行,3,0
烟视媚行,2009-02-22,惊艳的女主，曲折的故事，还有战争的创痛。,力荐,5,0
摇滚玄奘,2011-02-17,认识这部电影是源于【色戒】，网上标签二战版的国外【色戒】，但看后绝然没有【色戒】那么色，而是一部纯粹的战争故事。很具故事性，情节曲折，疑云密布，虽然不是直接的通过战争的血腥场景来反映，但导演确是个讲故事的高手。不信，你看了就知道。想想看《故事会》的那种感觉，忘掉好莱坞的虚华吧。,力荐,5,1
电影老村长,2010-08-10,保罗·范霍文的追逐场面永远一气呵成、惊心动魄，男女永远共用浴室和更衣室。,力荐,5,1
sarah,2013-06-07,Carice van Houten很像Christina Aguilera。。。。very beautiful tits。。。。。,还行,3,0
公園仔,2007-05-07,20070507 1905 Palace IFC,还行,3,0
西西弗斯,2012-04-01,非常喜欢的故事。之前是在朋友的一本电影推荐的书里看到，高中毕业之后就找来看了。果然一点都不失望。,力荐,5,0
噩梦枕头,2009-04-08,差不多的剧情，凭什么色戒就拍得这么晦涩沉闷……,推荐,4,0
杀猪刀,2012-04-29,情人节一个人去满场的电影院最后一排看的,推荐,4,0
Ines.L.J,2009-10-04,原来色戒也有原形的，哎~~~,推荐,4,0
vampire,2008-09-20,that was the best!,力荐,5,0
yanggzz,2009-02-12,"我先在电影院看的，感觉烂片一个。预感肯定有问题，上网一查是删了很多。找到原版看后，的确是好片，整体部分还算不错，但最关键的是结尾，有了这个结尾，简直上了一个更高的境界。

我们的审查制度啊，如果非要这么删减的话，那就不要引进啊，删减之后完全破坏了原作。",推荐,4,2
努力君,2010-01-05,真实的故事。女主角金发好漂亮，演的也很好。。。庆幸自己看的不是剪切版,力荐,5,0
Stan,2017-11-25,补 | 应该是剧本届教科书的存在了吧，反转，细节，铺垫，悬念完美结合。两个多小时节奏把握的有条不紊。对人性的表现也很深刻，没有人真的值得信任。女主角爆发的那场哭戏真的惊艳到我了！太棒！,力荐,5,1
饼饼吃饱了吗？,2017-03-28,红袍女演技简直炸裂！！！从可怜巴巴的逃难女到面对残忍纳粹的淡定隐忍坚强 一路走来 纳粹的残忍对比叛军的处境 胜利者的嘴脸对比被叛国的人们 一幕幕战争的残酷 一幕幕人性的剥离 到最终汉斯医生被女主一钉钉一下下的钉死在棺材里 和戈本平静的坐在河边 我们的心 似乎终于柔软平和了下来 字数不够了！,力荐,5,1
Rosy Rose,2012-10-22,Gorgeous dresses!!!,还行,3,0
[已注销],2009-12-10,大部平庸，局部有料，巧克力中和胰岛素有点意思。,推荐,4,0
probe,2016-04-12,前半部分以为是通俗剧模式，没想到反抗军牺牲如此惨烈，又以为是战争反思主题，末了才发觉原来是谍战悬疑式的黑色电影，有点太过戏剧性了。不过女主太给该片加分了！,推荐,4,1
Erinnyes的庇护,2009-05-18,"虽然我看的是被剪过的版本，但依然很震撼。战争的本质就是征服，征服的手段就是干掉不服的人，对任何人都一样，无论纳粹还是犹太人。
不要拿这部片子和色戒比，无可比性。色戒不是这个层次的电影。",力荐,5,0
茕茕白兔,2010-10-31,最可憎的以及最要警惕的无疑是混迹于人群当中的野心家,力荐,5,2
球球,2012-01-09,非常棒的一部二战电影，可以跟辛德勒的名单媲美。看着看着突然感觉色戒跟它好像啊，只是色戒被大家关注的都是“色”。爱丽丝穿着红色礼服在台上唱歌的时候简直震惊四座，太惊艳了。整部影片节奏紧凑，总是出现一个有一个间谍。爱丽丝和蒙茨之间的感情很真实~~,力荐,5,0
像一把刀子,2009-12-25,看时心惊肉跳，字幕一跳出 点上一支烟 哎，不就是一二战优秀故事片么,推荐,4,0
瞬间,2013-10-25,可怕的不是法西斯 可怕的是人心  二战德军猎杀犹太人题材电影,推荐,4,0
Clyde,2017-04-16,另类二战片，无关宏旨，只关人性，贪婪、卑微、懦弱、冷血，不因正义或非正义而有了是非黑白。,推荐,4,0
脑子白腔荡骨鹅,2010-10-02,忘了谁叫我看的，记得看到后面感觉就是为了无间而无间反正拣最像亲密的人猜就是了。短命的帅哥叫Michiel Huisman ,还行,3,0
图啦啦,2009-09-20,"2009年9月20日1:12:18央视佳片有约
精彩的荷兰电影，剧情紧凑而人物丰满，女主角很漂亮，很勇敢。这个世界上的好人坏人不是写在脸上的。",力荐,5,0
『流河ღ旱谷』beLIEve°,2008-04-04,就算是报仇了，所爱的人都已离去，又怎么会有幸福？,力荐,5,0
小东邪,2014-02-18,非常好看精彩的悬疑谍战情节剧，对荷兰抵抗组织的人物刻画也非常有意思，还有“犹太人的生命就比荷兰人更珍贵吗”的讨论。女主尤其精彩，堪称荷兰强版王佳芝。另，解放后荷兰人对待“卖国贼”的方式也非常熟悉，人性平庸之恶从来都差不多。,推荐,4,0
王大大,2012-02-08,喜欢二战谍战影片的朋友不容错过。,力荐,5,0
蛋蛋@混混,2011-12-09,比较起来，色戒像儿童读物。豆瓣的电影简介是谁写的，自己在创造剧本么？,力荐,5,0
huyouyou,2009-06-02,2小时不知不觉就过去了，很有节奏感，情节够起伏,力荐,5,0
E.Zain,2011-01-24,如果辛德勒的名单是5星，对人性的剖析、战争本质的思考更加立体的黑皮书有什么理由不是6星？,力荐,5,0
黑黑黑心肠,2009-03-29,我居然会脑袋进水去电影院看了一遍，MLGB的广电总局,推荐,4,0
"杉小爱|好姑娘,咱们走起来",2012-06-19,这电影有那么好么？我怎么没看出来……,还行,3,0
黑熊扑通,2013-06-05,这部具有长篇小说结构的乱世佳人故事，要用电影镜头来描绘真是很怕情节失控，幸而导演具有良好的节奏感和高超的驾驭剧情能力，正是多一分嫌多，少一分不力的恰到好处。不过，在国内电影院观看删节版的同仁怕是要很失望了吧。,推荐,4,0
NO.兔斯葵,2009-03-15,这个电影很好，但还不是最好的，所以给了四星，原因是里面总是露胸，不喜欢。不过这真是一部好的片啊。情节好，女演员超靓啊！,推荐,4,0
马甲1号,2010-10-08,如果没看女主角穿着红裙子唱歌那一幕 就不可能意识到自己错过了什么，太美了····什么才叫气质啊···还有还有，跟兔子抢胡萝卜那段,力荐,5,0
原子,2010-12-17,完全是被导演牵着走，总会有原来是这样的感慨！女主角漂亮，精明，勇敢，有点像色戒中的汤唯，但是要比汤唯有心机多了，相比之下汤唯就是个sb，被干的忘乎所以，不分敌我了！昨晚刚看过希特勒的一个帖子，今天就看了他灭绝犹太人影片，以前我一直都觉得不好看呢，真没想到，很给力你电影，力荐~,力荐,5,0
Yukip,2013-09-14,从来没有看到荷兰人视角诠释的二战，间谍悬疑片，不到最后无法猜到真正的幕后黑手是谁。剧中的所有爱恨情仇，争斗，高潮迭起，情节铺设地刚刚好，很推荐。犹太人要像做一个好间谍，这样的女人让人无法不爱，可爱坚强却也脆弱孤单。虽然纳粹值得恨，但追随着的人们为了生存下去而转投阵营，可恨也可理解,力荐,5,0
Never-land,2010-08-01,挺好的，比色戒好，女主角很美~,推荐,4,0
Jason Bourne,2009-02-21,"战争并不可怕，可怕的是人心。
女主角才貌双全，演技上佳。",推荐,4,1
Tina,2018-05-13,故事与《色戒》略有相似，尺度同样不小。导演把控节奏和塑造人物的能力妙极，全片两个多小时，基本无冷场，剧情跌宕起伏，看得甚是过瘾。并且人物也没有被简单地脸谱化，正邪、善恶的边界在战争的背景下都变得模糊了，女主人生每一步的心理变化都描绘得很真实生动，画面很美，也很残酷，令人印象深刻。,推荐,4,0
爱上女逃犯,2011-11-08,真正反映人性的反战电影，很多所谓的反战电影都无法用如此商业的手法揭示如此反战的内涵。,力荐,5,0
溯,2011-08-30,DTS-WiKi 女人真不容易~ 专制的罪恶,力荐,5,0
小岩菽,2009-02-06,虽然喜欢的恐怖和宗教镜头都被剪掉了，但肆无忌惮剪辑的影院版依旧让人喘不上气来。剧本的跌宕和张力全然彰显。对演技派女主角，温柔眼神男主角，电影院，和悲剧就是没有抵抗力。,力荐,5,0
晕子她是温暖的,2009-03-12,多年媳妇熬成婆。。。看了三个晚上的psp，终于看完了。。。,推荐,4,0
青山,2009-10-07,相比色戒来说，故事说得好多了，尤其是汉斯借助棺材逃跑那一段，还是极具匠心的。,推荐,4,0
波菠罗,2007-06-26,波澜壮阔的叙事和表演，尖锐直白的人性刻画,推荐,4,0
▂▃▆▇▆▃▂,2009-02-11,电影院删得一塌糊涂 找来原版感觉好多了~~,推荐,4,0
Dunn,2009-08-24,做到了男人做不到的事情的女人让人佩服——顺便说一句，这个女人很性感！,力荐,5,0
铁皮骑士,2007-05-04,情节衔接紧 叙事清晰有小说感,推荐,4,0
但求一醉,2013-01-23,如果用一句话评论的话，我的看法就是：这部电影有着直指人心的力量！它具有惊人的穿透力！二战佳作，一定要看完整版哦！,推荐,4,0
Claire-Deblanc,2012-03-13,如果说可以以小见大的话，那么一个犹太女人从家破人亡到卧底的艰辛到被诬陷再到事实澄清却失去了爱人，这个过程在所有的犹太人身上放大，那又是怎样的一部血泪史！,推荐,4,0
sam,2009-06-13,前段有点平淡，但是故事盛在紧凑，结局有点出人意料但是还是感觉有点仓促～总体是不错的，但是不够震撼,推荐,4,0
P0P,2016-03-30,138分钟版本，剧本很棒，每次以为是高潮了没想到后面还有，连环谍战，可惜剪辑磕磕巴巴。演员演技炸天，很多铺垫,推荐,4,0
缘三,2010-07-19,一个略有姿色的女人，只要她愿意，她就能征服很多东西。但从征服男人开始，是最佳捷径……,推荐,4,0
取名困难症患者,2014-01-12,最大的亮点是战后的审判和追查 女主演得不错长得也不错 其他的就很平庸了 合格的商业片,较差,2,0
阿达,2010-12-08,女主角内心独白太少了 有点纯叙事了,推荐,4,0
狂抽猛送三千下,2014-02-06,随着年龄的增长，你看到的越多，却越来越不想说了。,力荐,5,1
Aboo,2010-07-30,名导演的作品确实很流畅，故事也不错，很有吸引力，０６年的电影，要是晚出两年很可能会被宣传为“荷兰版色戒”吧？,推荐,4,0
wonderful_days,2010-04-12,我说怎么看完感觉怪怪的有些地方很不连贯的样子，原来又被广电给删过，fuck....,力荐,5,0
蒸桑拿的冰激凌,2016-09-06,战争中，伴随最多的不是阴谋阳谋，而是滔滔江水般的人心向背…,推荐,4,0
花西宝宝,2012-03-17,特别喜欢这类片子，女主很美,力荐,5,0
我呼吸的空气,2012-02-05,这个题材让我有点厌烦。7 out of 10,还行,3,0
nickhood,2008-02-29,Black.Book.2006.iNTERNAL.SPECiAL.EDiTiON.DUALAUDiO.DTS.DVDRiP.X264-KiSS,还行,3,0
anitya,2012-06-17,真实的再现了真实历史的细节：1、欧洲天主教徒的排犹情结。2、敌占区解放后，普通大众对为了生计与德国人进行皮肉交易的妓女的人性的践踏。3、真正有罪的德军高层军官逃脱了战争的惩罚。这时战胜国的私利无情的超越了公平正义。,推荐,4,1
周樂,2009-06-10,1.荷兰语和德语真像；2.Carice van Houten非常美丽；3.除了填写“战争”的标签，我还考虑添加“悬疑”;4.战争很残酷，比战争更残酷的是它的创造者,力荐,5,1
刘善甫,2014-04-09,完爆色戒的水平！！！妥妥的十分！,力荐,5,0
gucci7228,2010-05-23,与很多二战题材的片子不同，在该片里既没有大力渲染惨绝人寰的摧残人性，也没有浓墨重彩的人性救赎；导演并没有把主题着重在战争反思这一沉重的人类史观上，而是一部弥漫在二战硝烟里的谍战魅影式的推理悬念片，别具匠心以小见大的主题，虽然达不到震撼心灵的高度，但整体构架环环相扣，特别要赞女主角,推荐,4,0
孑然殇逝,2012-11-17,直到今天我都没有完整看过《色戒》，但是这个145分钟的电影却让我安静的沉迷其中。战争是人类发明，并且早晚有一天会被人类用来毁灭人类的最好方式！,力荐,5,1
王不悔,2008-10-28,真邪恶呀。如果最后这个女的被杀了,力荐,5,0
异世绿,2010-06-25,三星半吧 阉割版的确不太好,推荐,4,0
托尔,2012-03-12,德国版色戒啊，罪恶的不是德国人，是纳粹,力荐,5,0
秦诺诺,2011-03-04,还真以为律师是坏蛋呢，没有想到最后的卧底叛徒居然是他。影片故事根据真实事件改编，我们在这部影片里还是可以看到范霍文向自己1977年的那部电影《青葱岁月》致敬的不少镜头，挺有意思的。这电影居然在国内公映过，汗哒哒滴，所以只推荐完全未删节版。,推荐,4,0
Lane,2009-11-14,091114 故事片，女主角不错。不过看下来觉得这个女的真是祸水，做间谍没有得到任何有价值信息，白白牵累那么多人死掉。,还行,3,0
小有™,2008-02-28,历史的真相往往并非人们所想，战争中，有人性的扭曲，有人性的光芒，但并非总是好人有好报，好在电影给了我们一个美好的结局。,推荐,4,0
影迷董小长,2007-10-14,20071014 西苑宿舍,力荐,5,0
小夜||破釜沉舟,2009-10-13,我真觉得这片子很一般。情节高潮部分的设置很奇怪。跟色戒差远了。,还行,3,0
文森特,2013-02-08,战争是人间最荒谬的事情，没有之一。,力荐,5,0
Fiona,2009-05-11,"如此的像, 连音乐都像, 女主角脱衣服的频率过高, 美是很美, 可抱歉我不懂欣赏",推荐,4,0
小蓝,2009-09-20,好在看的不是电影院的阉割版，好看，看第二遍了。女主角很赞，顽强的活下来，演员也很赞，却没红；而女配角底限更低，所以活的更容易，也因为她不是犹太人。中尉长得像猪精，其实极其狡猾凶残，上尉明显不够他干嘛。医生的面纱揭的太突然了，前一秒还是个大英雄！一般蒙昧群众道升天的臭嘴脸发人深省。,推荐,4,0
summer,2010-04-25,聪明又美丽的女人   充满隐喻的画面   迷恋所有有关二战的电影,力荐,5,0
勤劳的小蜜蜂,2008-06-07,女主角啊没有抵抗力的类型,推荐,4,0
Suey,2011-09-13,影鉴课看的电影，开头觉得是个很俗的老片子，却很快被吸引，145分钟的电影非常引人入胜。,推荐,4,0
botwin,2009-01-26,"善與惡, 一切在戰爭下變得濛糊, 普通人民其實也capable of 做出很多沒人性的事. 是人本性如此, 還是只是在戰爭這extreme condition下做成呢
",推荐,4,0
赵小蹦,2012-04-12,与色戒相比更有韵味。一个是为家人报仇，一个是为获得认同感。女主的胸部美的让人难以言喻，过目不忘。好片子。,力荐,5,0
秦繼,2012-05-09,男人为女人和孩子而战，女人为男人和孩子而战。,还行,3,0
Coffee,2008-06-07,强推！！女主角太漂亮了，虽然结局有些不自然，男主角死得有些太没悬念，总体说很引人入胜。,力荐,5,0
我是古巴,2011-01-04,不怕不识货，就怕货比货。原来看《色戒》还觉得挺像那么回事儿的，但当我看完《黑皮书》后才看到了那种深刻的差距。色戒长篇大论的主题在黑皮书里仅仅是达成主题的方法而已。范霍伊文回归荷兰后拍摄出这样一部惊世杰作实在让人始料未及。,力荐,5,2
nani,2014-03-24,黑皮书 Zwartboek，想表达的内容特别多，尤其是人性之复杂。但对本片俺想得最多的却是投胎的正确姿势~片中荷兰人熟练运用多种语言，连想都不想直接切换张口就来，你说要是投胎在那，只需piu的一声荷兰话英语德语希伯来语四种功能自动添加，真正是暴皮脆沙瓤哈利路亚，不过女主的投胎时机不太妙就是了,推荐,4,0
Theo's Anatomy,2016-10-22,范老的片子内容总是很满，从头到尾没有一点留白，不停地把剧情塞给你，很喜欢这种被填鸭的感觉。跟着女主颠沛流离，尤其是她跪下痛哭什么时候是个头的时候完全被带入到剧情中了，真是可以跟《她》和《本能》组成一个tough girl trilogy,推荐,4,0
djj,2016-11-22,德国的“无耻混蛋”，还是有一个光明的尾巴。其实看过未删剪的，很有深度，不是色戒、无耻混蛋什么能比的。看完这部，更加让人感觉《色戒》的低级和变态。同样的题材，同样的暴露，同样的政治敏感，黑皮书表现出来的却是一种对人类战争意识本质的极为深刻的反省，而色戒却展示赤裸裸的人格扭曲和变态。,推荐,4,0
半价黑樱桃,2010-07-01,女主角太漂亮了，外表柔弱内心刚毅。剧情也是一波三折，高潮迭起。,力荐,5,0
小月,2013-06-26,片中形形色色的人陆续现形，很讽刺罗妮游走在德国军官和英国军官之间如鱼得水；千盼万盼等来的解放军官行径还不如德国人；看似最忠实的革命者原来不过是个彻头彻尾的背信弃义者。“每一个嫌疑人都应收到公平的审判，即使最毒辣的罪犯“多耐人深思的话。卡里斯太美，美到让我快忘记了剧情，歌也唱得好。,力荐,5,0
Ro-Ro-Rock,2009-09-29,我电脑上有未删节的，但是先看了CCTV6的，CCTV剪得真他妈的狗屎。,推荐,4,0
动植物研究,2012-11-18,影院看的，国产删节版。抱歉只能给这分数，因为关键段落删的都没法儿串起来。审查委员会那帮老孙子！,较差,2,0
永恒的终结。,2017-10-07,"冲着梅姨之香艳看的，结果发现是一个戏剧张力十足的精彩绝伦的情节剧，反转不断的悬疑片！故事跌宕起伏险象环生伏线千里，节奏干净利落绝不拖泥带水，人物正邪难测真实立体，立意在二战片里也不流俗，没有非黑即白的道德标签
历史假设:有时候真正的英雄无人知晓，被歌颂的恰是些无耻之徒",力荐,5,2
阿Q,2011-07-24,"被譽為荷蘭版色戒, 雖都是女間諜片, 內容上其實差很多. 這部劇情更豐富, 故事性更強些, 懸疑色彩也比較突出, 對曖昧的人性部份描述時很精練, 倒是一部不錯的反思二戰而有有看頭的諜戰片. 色戒是披著這個外衣在講人情. ",推荐,4,1
godwish,2010-04-06,要看剪辑过的 前面一大段 真的是一般 叙述的东西不准确 还好 我又看了完整版,推荐,4,0
佚名,2010-09-21,不得不说，黄色的头发比黑色的卷发好看,推荐,4,0
瓜子他妹葵瓜子,2011-12-14,主题很明确，看了之后感觉很怪，到底是因为什么对待一个善良的人的？仅仅因为之前为德国工作过？,力荐,5,0
[已注销],2010-01-15,先看的国内影院版，背剪得一塌糊涂，甚至搞不懂为什么女主角会知道吃巧克力来增加血糖，奶奶的，我也是学医才知道的啊。我当时是这样给我朋友解释的，足以见得当时欧洲犹太人的教育水平有多高！后来在网上下了完整版，差点没有把我气死！,推荐,4,0
seeku,2008-03-29,卡里斯-范-侯登，美丽的女主角  荷兰-犹太-卡里斯-范-侯登(Carice-van-Houte),推荐,4,0
優しいパパ,2011-06-12,这结局.......哎......好片云集的时代！感动呐T_T,力荐,5,0
南窗桐,2009-02-24,颇具观赏性，但是情节设置稍显仓促。,推荐,4,0
S@m,2009-09-20,看了完整版的，真的是部很好看的电影。央视放的阉割版简直就是狗屎~ 情节紧凑，能一直拽着观众往前走。主角穿红裙戴红花唱歌那一段拍得非常美~ 4,推荐,4,0
何亦诺诺,2011-10-03,看过很多同等题材的，都很不错，这部也是。揭露人性即可了，细节不必较真。,力荐,5,0
白日美人_S,2011-02-24,好久前看的了。。。记性不太好。。。没留下什么印象。。。,推荐,4,0
人家还小,2012-01-21,欧洲版【色戒】 但是它的格局较大 犹太人女间谍、伪装成爱国者的卖国贼、有良知的纳粹上尉、唯利是图的商人、充满正义感的反抗者，各色人物粉墨登场 充满了令人窒息的命运角逐 ,力荐,5,0
梦呓花喃,2008-11-19,电影看完又研读了影评，才发现真是好片子，不了解背景还是不行,力荐,5,0
陈默,2009-10-12,06的电影，今年才得以公映，更是号称外国版色戒。其实作为二战题材的电影，算是不错了，幸亏我看买的碟是未删减版。,推荐,4,0
小呀嘛小悟空,2012-12-04,从头到尾毫无冗赘，连贯，丰满，扣人心弦。战争，战争。给五颗星。,力荐,5,0
lovique,2012-09-24,在将胜未胜的临界点所有的攻击与反抗都带有延续的味道：麻木听命的进攻，等待被清算的虚空。两段：终于解放了，爱丽丝说我怎么感觉不到。蒙茨被杀，爱丽丝痛哭：这什么时候是个头。欢乐的气氛中，女人被当街羞辱。战争并没有临界点式的消亡，如村上所说，战争吮吸因暴力而流出的血，是完完全全的活物。,推荐,4,0
吗啡,2011-07-09,女主角超乎常人的果断、坚韧和忍耐，同时也很美艳。,推荐,4,0
童孝贤,2008-02-12,非常棒～但为什么评价不是那么高？,力荐,5,0
张迅,2007-11-29,很好的片子，可惜医生的形象编的牵强了,推荐,4,0
节能君,2014-05-25,节奏偏慢，但是能将一个复仇的故事讲得如此有意思很不容易,推荐,4,0
小悬子,2009-03-18,"2009.03.18
强烈鄙视广电总局的剪刀！",还行,3,0
Sea~Di,2010-04-17,我其实不太爱看战争类电影 但这部从一开始就吸引了我。不错,推荐,4,0
DBDB,2011-01-12,不深入其中不够精彩，深入其中又觉闹心，二战题材的电影以后要谨慎选择观看。,还行,3,0
某四,2008-01-01,无数个急转直下，从头至尾都在急转直下@_@,推荐,4,0
彦夕,2007-10-28,悬念 美丽的女主角 战争就是看你排到哪一队,推荐,4,0
id:2022222,2009-12-21,"Ja, das ist meine Melodie 
　　Nach der ich singen muss ",力荐,5,0
Zcc911,2014-03-31,Black.Book.Blu-ray.1080P.H264.LPCM.DD51,推荐,4,0
doee,2009-08-19,范霍文没有令人失望，商业性和艺术性的成功结合。,推荐,4,0
╯-╰,2012-10-21,情节紧凑 一波三折 拍摄也十分精细 取景采光打光都很不错 如果女主角更冷艳些演技更好些就五星了,推荐,4,0
迷走神经,2011-01-14,搞不懂为什么要拿色戒来和这部片子比,力荐,5,0
法兰西胶片,2008-10-20,即便到现在也是绝对被低估了,力荐,5,3
雷斯特雷波,2011-12-24,2战不错的关于荷兰抵抗组织的影片,还行,3,0
Lo,2008-04-15,人物少少脸谱化。Elis很出色。,推荐,4,0
蓝色的30道阴影,2009-02-07,不同类别的人穿插在同样的时空，而导演想要告诉我们的是这都是人类。,推荐,4,0
BladeWang可能,2011-04-06,”什么时候犹太人比有良知的荷兰人重要了？”,推荐,4,0
KevinZii,2012-08-03,节奏太快，如果这电影是三个小时会更好。,推荐,4,0
♫欧德伯裔,2009-03-24,三星半。节奏紧凑情节跌宕起伏，观赏性是足够了，但是总觉得感情线太过粗糙，女主角的行为动机是有了，但镜头给予的情感表现太少。还是可以一看吧,还行,3,0
残忍的虫子,2008-12-28,"绝对值五颗星
完美的剧情片
一个伟大的女人 ",力荐,5,0
老六,2009-10-07,看个毛啊~~！,力荐,5,0
秦先生,2014-02-07,很久没看这么多元素的电影了，战争、爱情、人性、剧情紧张，整合了各大战争年代片的精华，仿佛有色戒、无耻混蛋等，多种语言、女主角精彩表演及峰回路转的剧情，值得推荐。,力荐,5,0
黑豆,2010-04-04,其实一直不喜欢二战片的，拍的好的二战片有几部，这部还是不错，应该是有争议的地方比较多，片子的尺度也比较大，结尾也有些出乎意料,推荐,4,0
笑望江湖,2014-11-06,大概是史上最放荡的二战片，但非常精彩好看，范霍文毕竟曾是好莱坞商业片大师，叙事手法娴熟，剧情张力十足，几分钟一个转折，扣人心弦，战后斗争尤其震撼。欧洲式大胆香艳的情色场面类似本能，袒胸露乳家常便饭，染阴毛和男女小便都不避人。但与色戒相比太商业化，缺乏历史厚重感和悲剧底蕴，过于轻佻,力荐,5,0
heng,2013-07-12,Righteous chase evils till end of the world.,推荐,4,0
彭肉圆,2012-11-11,145分钟？要看完整版啊亲！画面真切却很美，比如尸体比如粪便呕吐物。剧情太赞了，跌宕起伏、高潮迭起，胆小如我都被剧情吸引而忘了对惊悚部分的害怕。,力荐,5,0
风中摇曳霸王花,2013-11-22,对红颜祸水这四个字进行了相当透彻的解释，其实这也是一部女权主义题材的电影,还行,3,0
船山遗风,2017-01-07,剧情一般，不过导演牛逼、女主强大，能把这部电影推上神作！辛德勒的名单式解救，色戒似的谍战，最后的西西里美丽传说。,力荐,5,0
超越风暴 丿,2011-02-11,所谓战争 便是人性赤裸裸的暴露 已无存在所谓的回归,推荐,4,0
WillRious,2014-04-20,"很欣慰那个付出全部生活情感的女人,最后得到了幸福.毁灭人性,诈骗感情钱财的人,总归会应天谴,;而爱丽丝也是很幸运的,有那么多男人舍身帮助,虽然善良也死在邪恶的手中.影片最后类似美国往事,而且贯穿的爱丽丝风情与战争的残酷形成的鲜明对比,让人不得不同情爱丽丝的遭遇,与她作为女人的独立与坚强",推荐,4,1
果,2010-03-26,好电影。喜欢这种风格的电影。,力荐,5,0
小婧。,2014-02-08,完全被吸引了。不管是故事情节还是人物，也没有多余的感慨。难道自己喜欢战争题材片么？啊啊啊啊啊。都没有喊停的意思，要不是为了找完整版浪费了好些时间，估计看完很久了。14.2.8,力荐,5,0
不醉无归爱谁谁,2011-02-12,啊～姐姐啊～机智与勇敢这两个词怎么配的上你！！加上美貌也不够！！,推荐,4,0
Joann,2009-09-21,中国配音的阉割版把所有精彩剧情都毁了！一定要看原版，可恶的国家广电总局！,推荐,4,0
楚翰彻,2018-02-11,放在同类题材中多少显得有些老生常谈，但执行力相当不错。范霍文特有的女性视角给了电影另一种视角，间谍剧情节的引入则让电影整体质感不与主流类型片过度偏离，而演员们直接的表演也相当有说服力。,推荐,4,0
大帆茄,2009-12-17,情节那个一波三折啊，但是觉得匠气有点重的说,推荐,4,0
火狐狸,2010-12-26,电影很棒，我是说剧情和演技。PS∶运气，是最捉摸不定又最不可或缺的元素～,力荐,5,0
元元,2014-04-18,有种看《加里森敢死队》的感觉。只是10岁觉得好看的情节现在已不能再感动我。整部电影里的情感--爱情，亲情，背叛，愤怒，感动--对我来说无一有说服力。,较差,2,0
大抒子,2012-08-05,挺好看的，就是后面散了。,还行,3,0
luna,2009-02-24,2009-18，汽车电影院，女主角很赞，特别是刚看完玩命快递3之后。被剪了太多了吧，没劲,还行,3,0
拖着懒步去天堂,2009-11-02,从PPS上看的，终于体会到情色镜头被硬生生的删掉是什么感觉了，咯的慌,推荐,4,0
funny_vee,2008-02-01,很精彩，情节出人意料。,推荐,4,0
Sabrina,2017-04-08,1. 有人拿这个片子比李安的《色戒》，其实还是我们李安更深邃啊！2.战争就是把人性最丑恶和最灿烂的那一面同时给激发出来的人类愚蠢极端实验吧！,力荐,5,0
AshBoydSwan,2016-05-29,故事还算精彩，但是拍得蛮平的，略匠气，而且有次反转感觉硬伤满满- -|| 女主角色很棒，演得也不错。打酱油的fetus!帅比好干瘦，像《动物世界》里的幼年小豹子！可爱！,还行,3,0
英年早睡,2018-10-25,很多战争片总是着力于如何表达出反战，或者直接偏向于一方的主旋律正义，而往往忽略了人的个体，这部电影就是反其道而为，描述一个一直被压逼被利用的受害者面对的真实的世界。这里没有任何一方是绝对的正义与邪恶，全部只有利益瓜葛的利用与被利用。在历史的大潮里个人只能不断被推动，完全无法自主，特显得在时代中一个人的无力感。,推荐,4,0
丰饶之海,2010-11-21,能够洗尽铅华，并缩小这因为盲俗而渲染的躁动和虚假，才能留下如片中“不忘收集邮票”一般的人道之花....,较差,2,0
陳長安,2013-11-27,倒不至于让色戒给它跪下，只是给它打了四星后会觉得以此为参照不该给色戒五颗星——当然已经给过的评分也不会去改。忘了谁说过，豆瓣儿上书和电影很多自己当时的评价日后再看会大有不同（多为一时激动/冲动打分偏高给星给多了（但那又怎样嘛，到底是曾给那时的自己带来过很美好的体验/惊喜/感动的嘛。,推荐,4,0
谢小封· D,2008-12-29,女主角的出色表演多打半颗星.,推荐,4,0
雨人,2009-10-18,看的是完整版！超赞！对很多二战史有了新的理解。正邪和善恶根本就不是那么回事！女主角很吸引人.,力荐,5,0
威廉,2014-05-31,看到女主角和反抗组织睡觉，染了阴毛和纳粹睡觉，第一反应就是色戒，简直就是欧洲版本的色戒。,还行,3,0
问津,2009-03-08,2009-03-08 用镶嵌家人照片的项链坠子，把棺材盖上的螺丝一个一个旋紧！,推荐,4,1
camac,2008-12-26,黑皮书.Black.Book.2006.BDRip.X264.AAC.HALFCD-TLF,力荐,5,0
海上蘼芜香,2009-09-20,"只有纳粹是残暴，无人道的吗？胜利后的部分德国人面对失败后的纳粹分子，和当时的纳粹的残暴与无人道相当。
因此，人内心有魔鬼和天使，魔鬼需要压制，天使需要鼓励。",推荐,4,0
Mr.D,2010-10-10,狗血剧情 傻逼情节,还行,3,0
布拉佛斯小铁匠,2013-03-21,整个故事节奏掌控的挺好 PS：再次看到西西里的美丽传说里的那一幕 战后清算所谓汉奸 诶·····,推荐,4,0
Jennifer李噗噗,2009-06-03,其实中国这边看到的版本都是删减了40多分钟的，保罗最擅长的镜头都被删了。。。很无语,推荐,4,0
cdgray,2011-01-29,并不是替纳粹翻案，但是确实让我们从另一个角度看到一些人在二战这段历史中的行为,推荐,4,0
侧耳倾听,2012-07-20,原来我看的是被剪掉了好多……,推荐,4,0
一苇杭,2013-07-01,尘归尘，土归土。邪恶在解放后则成了正义，正义则回归了尘土。幸运的是，沉冤昭雪。,推荐,4,0
苙原May,2016-09-28,1.敢于拍刺眼的画面，有一次冲击性，但不滥用；2.主角一路走向孤立（她也是这个路线，但处理的更圆润）战争中谁也没有那么团结，人人为了自己（主角运气未免太好了点，汉斯把她救出了那段没有理由）；3.总之就是走向转折都比较刻意，但是爱转的电影都比较好看；4.女主金发红裙太美，超吸睛,推荐,4,1
Mr.Zhao,2009-09-20,3星半~剧情很好~稍有跳跃。。。难道我看了剪辑版的？！学到一个知识：巧克力可以抵抗胰岛素~不错不错！,还行,3,0
浅绵。R。,2012-11-11,对于主角来说的大团圆结局。,推荐,4,0
24city,2015-04-11,节奏很快，故事完整，但不太丰满，一些情感细节其实可以再多铺垫些。不过其他都很优秀，谍战悬疑，人性诡谲，二战反思，最后以为是圆满结局，结果警报一拉响，一切又都从头开始。,推荐,4,0
葬爱家族,2012-03-12,保罗范霍文是我比较喜爱的一位导演，虽然有时重口味，但都是在商业电影营销框架之下,未打星,-1,1
AMY,2012-07-26,这女人这辈子经历的比电影情节还丰富,力荐,5,0
jerry,2008-03-09,保罗·维尔霍文导演。卡里斯·范·侯登主演。并非荷兰版色戒。,力荐,5,0
八部半,2009-03-28,看了有疑问，但是又说不出来,推荐,4,0
但丁的镜面,2014-10-12,"什么时候才是个头？女主惊呼这一句后，本以为故事会就此结束，谁知接下来悬念陡升，情色，战争在迅捷不乏冷静的叙事节奏里

面铺成了关于人性的“黑皮书”，艾莉斯冷艳隽秀的眼神，犹如荒芜里一束坚忍娇滴的玫瑰，惹人怜惜。",推荐,4,0
Sheldon,2009-04-08,非常不错的题材 好像国内公映的时候剪了不少,推荐,4,0
gaojason,2009-02-13,Black.Book.2006.BDRip.X264-TLF,推荐,4,0
非想_爱心觉罗,2011-08-28,每个人都可能是纳粹。与色戒复杂的内心戏比起来本剧间谍戏过于简单。优点是两个半小时不断递进出多个剧情波澜：德荷犹太三方间双重离间，被误认叛国后的浇粪侮辱，最终隐藏的内鬼。荷兰人反思自己民族中的隐性法西斯。女主侯登演出卖力虽不是绝色却顾盼生姿，胸部很漂亮乳头和乳晕几乎一样大十分精致,推荐,4,1
无敌敷哥霸气,2009-09-20,=  =！！！其实我知道电影很棒，可是天杀的广电总局你他妈还真有才！！！,推荐,4,0
法号无边,2012-10-11,赞！制作如此精良，故事又那么跌宕。我爱这样的电影。,推荐,4,0
小风暴骑兵,2012-08-13,这个导演电影里的主角总是给我一种cold and detached 的感觉 没办法为之悲喜 却也不讨厌 ,推荐,4,0
Mchicato.TM,2009-07-23,荷兰色戒。。只不过欧版王力宏是个叛徒,推荐,4,0
楚恻,2011-12-10,故事跌宕起伏，人物饱满，不再是一种颜色，一种面孔。,力荐,5,1
memory,2010-10-26,一个女人在战争中的血泪故事~~雷切尔有种说不清的魅惑，红裙红唇~~,推荐,4,0
Sparky | ✟,2011-12-28,黑皮书指的是圣经么 范霍文捅过这么正经的片儿啊,还行,3,0
Janus,2009-12-26,"Very Verhoeven"" ",推荐,4,0
Chrissy*嘿淡定,2009-02-04,"无聊  整个剧情混乱 
而且我看的是配音版...呃...",很差,1,0
L&M&爱你长久,2013-04-04,卡里斯·范·侯登在片中太肉感了.,未打星,-1,0
之之为,2012-09-20,首先不得不说女主角演技真实的棒！艾利斯是强大的更是乱世里的传奇。,力荐,5,0
葛团妹,2013-05-17,太烂了。。。女猪的表演，简直不是我理解的角色应该有的状态和形象，骚成这样的犹太人？？？无时不刻都在放荡，浪得一逼,较差,2,0
[已注销],2012-08-07,剧本真不错；不能信赖长的像凯文史派西的人,推荐,4,2
其实我也很萌嗒,2009-01-26,这是近期看过的最好的电影了..~在剧情紧张程度方面...~~,推荐,4,0
乔阿酥,2009-07-02,女主角太极品了，除了美艳之外，抽搐也演得十分逼真。我十分好奇国内院线上映的版本究竟剪掉了哪些部分。因为我觉得每一处裸露都是特别符合剧情需要的啵～～,力荐,5,0
Windywings,2007-04-30,“除非你先把枪拿开……然后吻我”,推荐,4,0
Andy,2009-03-17,女主角身材sexy,力荐,5,0
管策,2009-01-02,女主角家人死了，好像一点都不悲伤啊。,较差,2,0
萧公子爱芒果,2008-04-04,Thom Hoffman？Kevin Spacey？,推荐,4,0
文森特九六,2017-05-12,剧力太强大，甚至有些过分了。,力荐,5,2
Sophieven,2018-05-28,"All the characters have depth and complexity. The way the story evolves and stretches itself out is amazing, touching on quite some themes, humanity, love, loyalty, the duality of good and evil, and chaos of all these during wartime, The story positions itself well in time.",推荐,4,0
十二,2013-10-12,柔情战争片，美女在战争中最为可怜也最有优势，好吧，美女间谍是战争利器,推荐,4,0
清酒桃花,2012-05-15,【局中局，套中套，谁人能解】之前在电影院和父母一起看过阉版，如今在网上看了完整版，多出不过的也是香艳戏码，倒是能和之前的剧情衔接上。剧情题材虽正义积极，但是最后的结局过于局限，瞬间由家仇国恨下降为力逮内贼，女主雷切尔和门茨上尉的爱情挺有美感的（PS:女主很美)。,推荐,4,0
Holder Joe,2009-06-01,没想到大陆公映的版本删减那么多……今天看了完整版才真正理解里面一些人物的关系了……,力荐,5,0
任子miu,2012-06-17,亲爱的闵姐，还记得这片儿不，8晓得侬肚里的娃儿肿么样鸟，健康体魄是有多重要，一定要保持好习惯！@marie842011,力荐,5,0
Yuuuuuki,2011-12-17,惊艳的女主、紧凑丰满的剧情，没啥好挑剔的,力荐,5,0
ZN,2009-05-11,没有对错、混乱就是是真实,推荐,4,0
hassan,2008-01-10,2009.02.22 100min 大陆上映版,力荐,5,0
很仙的侠女,2009-10-06,"好看的，女主角很美，属于越看越有味道的。
剧情要好好看，才能发现细节！还有里面的歌曲的也很好看。",未打星,-1,0
安非他明,2010-05-31,这个女人的战争从二战中一直延续到战争结束。,推荐,4,0
草莓豆瓣酱,2012-09-04,悬疑片就是这样才过瘾，不到最后不知Boss是谁,力荐,5,0
cherrybomb,2011-11-22,译成中文版在中国上映时还在电影院看了一次。。你能阉割得再多点儿么？,推荐,4,0
alumiss,2014-03-01,紧张中透着naive，开挂一般的女主角，为了反转而反转，为了死人而死人的情节设置……女主角的围巾还挺好看的,还行,3,0
noname,2008-04-28,情节行云流水高潮迭起。述说可怕的战争和丑陋的人性。,力荐,5,0
漫天瑞雪,2012-10-30,终于看到聪明又漂亮，楼点点但一点都不贱的女演员了。,推荐,4,0
jo,2009-07-26,很精彩的间谍电影，敌人的定义不是敌军,推荐,4,0
Hey_Show,2010-02-06,女主角很养眼，故事很养心。,力荐,5,0
能嘛,2009-02-06,看的是广电总局剪刀手版。,推荐,4,0
冬天的冰块,2015-10-06,2014.9 866 去年刚迷上michiel huisman的时候就看了，忘了记录了。全世界都能拍出好电影哦，又是聚焦二战，超级喜欢这些主题下的电影，总觉得因为时代的特殊性拍出感人的好故事特别容易,力荐,5,0
未捷,2008-11-28,"有故事有内容，可以的片子。还有美女看。
补",推荐,4,0
琴萧一曲,2009-09-20,"佳片有约, 虾米都删没了. 细节模糊得一塌糊涂可能也因为此.",还行,3,0
一句话影评,2016-08-24,女主只有一条动机线 就是复仇 至于进入革命组织 爱上敌人上尉都是动机以外的事 为了惨死亲人的亡灵还是为了幸存犹太人的未来 从转变到升华过渡的略微生硬 带来的情感的震撼度共鸣性欠缺火候 同类题材里不算极佳 ,还行,3,0
崇子,2009-02-11,好吧~我只喜欢轻松的电影~这部看的时候我一直在担心女主角啊~不过~她的虎牙好可爱~~~,推荐,4,0
沉默的斯布雷斯,2013-08-15,剧情峰回路转，虽不如无耻混蛋。但女主角美丽勇敢聪慧更甚无耻混蛋的女主,推荐,4,0
ZeonGin Sou,2014-10-18,教你如何将《色戒》拍得紧凑刺激跌宕起伏。剧作细节处理技艺精湛而传统——每一把“枪”都有它独有的声响。机关算尽，处处人祸。PS：女主的终极一脱，真是触目惊心。,力荐,5,1
xjc_jovi,2008-08-12,电影不算短但整体控制力最后失去平衡，只是冲保罗•范霍文,还行,3,0
戴七,2012-05-29,电影好得没话说，战争的背景下很难说清楚对与错。可是我要吐槽一下字幕，风行者版本是哪个逼字幕组出品的，看的时候真他妈想砸电脑！翻译得狗屁不通导致对电影理解都有偏差！字幕组你们翻译的时候好好翻行吗！,力荐,5,0
哔呣咣啵の哸啐,2014-01-05,我觉得我评不了这个片子，信息量太大，每个人都会有自己的感受吧。,未打星,-1,0
乙烷,2011-07-17,毫无疑问，保罗·范霍文最好的电影,力荐,5,0
流言,2013-06-16,看的未删节全本，是反映二战在纳粹敌后斗争的好片，没有脸谱化，没有高大全，结局是风清云淡的美女带着两个孩子在教书……西施往事不必再提，那些，都是当年了。,推荐,4,0
celestebook,2011-12-19,电影味重了点 瑕不掩瑜,推荐,4,0
秋色月光,2011-04-17,"
要看完整版的
",推荐,4,0
frox_xia,2009-02-15,这个战争中的女人，承受了太多太多...我总想，当周围世界中已经没有人可以信任时，我们还能凭借什么活下去？,推荐,4,0
红头发的安妮,2009-02-19,“告诉我一切”“除非你把抢拿开……还要亲我……”,还行,3,0
FrozenElsa,2016-02-04,【8.2】第一段和第二段最多算个精彩，故事曲折的谍战片，但是第三部分则把电影深度一下子拔高了，最后50分钟左右，让我对这片不停的加分！红袍女演的真心不错啊！而且好喜欢她的长相，比GOT里美多了！这片居然有在天朝上映过。而且剪成了87分钟。。卧槽快剪了一半了啊。这看个卵啊,力荐,5,2
Kiki,2011-12-24,女主角选得太好了。似乎有屎之类不太和谐的画面，被纯洁的PPS屏蔽了。,推荐,4,0
Love Scarlett,2017-03-16,感觉剧情太赶了 紧赶慢赶 节奏很别扭。按住棺材板就是从这部电影来的吧。,还行,3,0
巴巴波,2012-02-19,没想到绕了这么多个圈，不错，超出预期了。,推荐,4,0
